date,SA,IA,RA,SC,IC,RC
2024-01-01,3499999.0,0.9999999999999999,0.0,1499999.0,1.0,0.0
2024-01-02,3499671.1193499705,315.4495404002942,13.431109628237818,1499604.8734522704,379.1160566348488,16.01049109445205
2024-01-03,3387242.1780629824,108054.33220819623,4703.48972882096,1368623.4251097941,125795.25712735232,5581.317762852828
2024-01-04,586427.0377428498,2601759.6355757243,311813.3266814249,34583.85621710525,1255590.935842247,209825.20794064717
2024-01-05,18702.305900677773,2497857.7563818214,983439.9377175005,115.17506071821462,1005836.3804272518,494048.4445120295
2024-01-06,1115.6883040557127,1960025.7587505742,1538858.5529453687,1.232834877070249,783439.4187686489,716559.348396474
2024-01-07,123.58192375854892,1527306.4136324695,1972570.0044437703,0.035899255916087947,610144.2230625724,889855.7410381715
2024-01-08,22.263890651175576,1189553.6180257841,2310424.118083563,0.002285129270020447,475180.826815369,1024819.1708995013
2024-01-09,5.859787524664859,926439.3427388225,2573554.797473652,0.00026750614269779383,370071.20173815364,1129928.79799434
2024-01-10,2.0720201685933834,721514.9494041061,2778482.9785757237,5.0330143016402704e-05,288211.74191906647,1211788.2580306034
2024-01-11,0.9220918482086319,561917.4031390384,2938081.674769112,1.3702591152069269e-05,224459.53038225722,1275540.4696040403
2024-01-12,0.490831359095501,437622.08851273154,3062377.4206559076,4.974622854032633e-06,174809.25813821584,1325190.7418568092
2024-01-13,0.3003748065973897,340820.5914589999,3159179.1081661917,2.2596970906768598e-06,136141.58724644996,1363858.4127512902
2024-01-14,0.20491318360754615,265431.4275131444,3234568.36757367,1.2222196649394047e-06,106027.17501172378,1393972.8249870539
2024-01-15,0.152130332144296,206718.2504944996,3293281.597375166,7.573289229425358e-07,82574.04721511657,1417425.9527841262
2024-01-16,0.12063539638953436,160992.36400749412,3339007.5153571083,5.216738724099805e-07,64308.73305565574,1435691.2669438226
2024-01-17,0.10069724732276536,125380.99823020538,3374618.901072546,3.902317869537242e-07,50083.69229689162,1449916.307702718
2024-01-18,0.08748129501679491,97646.83379168117,3402353.0787270223,3.112679738606993e-07,39005.2198142018,1460994.7801854871
2024-01-19,0.078402273910874,76047.44237460781,3423952.479223117,2.6101502835601886e-07,30377.29724517445,1469622.7027545646
2024-01-20,0.07198933623983905,59225.81734212389,3440774.1106685386,2.2756797672091534e-07,23657.864494178248,1476342.1355055943
2024-01-21,0.06736058412136657,46125.12804276792,3453874.804596647,2.0451810798212512e-07,18424.767807882963,1481575.2321919126
2024-01-22,0.06396282634258582,35922.29736819215,3464077.6386689804,1.8819608567270728e-07,14349.227008723585,1485650.7729910882
2024-01-23,0.06143585287546811,27976.333420037427,3472023.6051441086,1.763925962740271e-07,11175.196372134991,1488824.8036276884
2024-01-24,0.05953717737739736,21788.005705074047,3478211.9347577477,1.677149917607441e-07,8703.25714211262,1491296.7428577193
2024-01-25,0.05809922358743524,16968.530070293007,3483031.411830482,1.61253637838113e-07,6778.108630724562,1493221.8913691137
2024-01-26,0.05700344455200089,13215.119667924142,3486784.82332863,1.563944486893097e-07,5278.801980578369,1494721.1980192647
2024-01-27,0.056164379063828276,10291.956288398043,3489707.987547221,1.5271170336451365e-07,4111.139112406072,1495888.8608874406
2024-01-28,0.05551947708776291,8015.392414900294,3491984.5520656207,1.4990374330036313e-07,3201.76164781362,1496798.2383520359
2024-01-29,0.05502235794673175,6242.400184227156,3493757.5447934135,1.477526948232166e-07,2493.5368182770662,1497506.4631815746
2024-01-30,0.05463828596001498,4861.591433718943,3495138.3539279937,1.4609885773042068e-07,1941.9704015795141,1498058.0295982736
2024-01-31,0.05434102750411349,3786.2152383890916,3496213.7304205825,1.4482367567027497e-07,1512.40957187945,1498487.590427975
2024-02-01,0.05411064261174314,2948.7105140816375,3497051.235375275,1.4383827510955764e-07,1177.8669248182532,1498822.133075037
2024-02-02,0.05393189510422189,2296.460424514393,3497703.48564359,1.4307548899234934e-07,917.3245661017809,1499082.6754337545
2024-02-03,0.053793095274447,1788.4869650820967,3498211.4592418224,1.424842324409752e-07,714.4137559033502,1499285.5862439533
2024-02-04,0.053685245231735124,1392.87653630134,3498607.069778453,1.4202545381105658e-07,556.386548754516,1499443.6134511025
2024-02-05,0.05360140121483087,1084.774498702449,3498915.171899896,1.4166917954480726e-07,433.31471434942284,1499566.685285508
2024-02-06,0.05353619405565377,844.8241274001291,3499155.1223364063,1.41392331646246e-07,337.466174775363,1499662.5338250822
2024-02-07,0.05348546554942416,657.9503664431762,3499341.9961480913,1.4117709675781526e-07,262.8191727565273,1499737.1808271015
2024-02-08,0.05344599140206227,512.412785986447,3499487.5337680224,1.41009698436631e-07,204.68397353367214,1499795.3160263244
2024-02-09,0.05341526905728258,399.0679072297222,3499600.8786775013,1.408794658675121e-07,159.408199132846,1499840.5918007253
2024-02-10,0.053391354676737855,310.7947317607709,3499689.1518768845,1.407781238419204e-07,124.14735496661628,1499875.8526448917
2024-02-11,0.05337273753253124,242.04743524702093,3499757.8991920156,1.406992489964265e-07,96.68615248984644,1499903.3138473684
2024-02-12,0.053358242964600136,188.50692220962048,3499811.4397195475,1.406378517399049e-07,75.2993221103829,1499924.7006777478
2024-02-13,0.05334695730033135,146.80949236636673,3499853.1371606765,1.4059005402533852e-07,58.643228466121606,1499941.3567713923
2024-02-14,0.05333816966105516,114.33547031177719,3499885.6111915186,1.4055284034482706e-07,45.671438172120475,1499954.3285616862
2024-02-15,0.053331326835837106,89.04464888498381,3499910.9020197885,1.4052386509303377e-07,35.56898738375705,1499964.4310124745
2024-02-16,0.05332599824010551,69.34811467079695,3499930.598559331,1.4050130325619648e-07,27.701182270673822,1499972.2988175878
2024-02-17,0.053321848689344704,54.00841989834793,3499945.938258253,1.4048373456837967e-07,21.573722511180492,1499978.4262773471
2024-02-18,0.053318617237246055,42.061844740598815,3499957.884836642,1.4047005357259464e-07,16.801648837145837,1499983.198351021
2024-02-19,0.05331610071281027,32.75783278196678,3499967.1888511167,1.4045939971428136e-07,13.085150431406968,1499986.9148494268
2024-02-20,0.053314140921721535,25.51185295940391,3499974.4348328994,1.404511030319004e-07,10.190735553487487,1499989.8092643048
2024-02-21,0.053312614683005834,19.868671579496603,3499980.078015805,1.4044464190129216e-07,7.936560488104408,1499992.0634393701
2024-02-22,0.053311426076063775,15.47375265932402,3499984.472935914,1.4043961016826028e-07,6.181005366374104,1499993.8189944918
2024-02-23,0.05331050040566831,12.050983612896282,3499987.895705886,1.4043569157252865e-07,4.813776656855603,1499995.1862232015
2024-02-24,0.053309779503207796,9.385325544098333,3499990.561364676,1.4043263983970366e-07,3.748976798738935,1499996.2510230595
2024-02-25,0.053309218069935306,7.309306622256396,3499992.637384159,1.40430263191162e-07,2.919708960585336,1499997.0802908975
2024-02-26,0.05330878082884023,5.692499525385307,3499994.2541916934,1.4042841228114546e-07,2.2738737896340595,1499997.7261260683
2024-02-27,0.05330844030729169,4.4333276743178605,3499995.5133638848,1.4042697080654524e-07,1.7708964002566847,1499998.2291034576
2024-02-28,0.05330817511011671,3.4526827773875977,3499996.494009047,1.4042584819429924e-07,1.3791768931860144,1499998.620822965
2024-02-29,0.05330796857504151,2.6889549355169398,3499997.2577370955,1.4042497390831186e-07,1.074105124124055,1499998.925894734
2024-03-01,0.05330780772573719,2.094162420342249,3499997.852529771,1.4042429301673088e-07,0.836514738369195,1499999.1634851196
2024-03-02,0.053307682456357634,1.630936977564705,3499998.3157553393,1.4042376273949796e-07,0.6514789462355989,1499999.3485209118
2024-03-03,0.053307584896591854,1.2701763441056202,3499998.6765160705,1.4042334976024157e-07,0.5073728179764471,1499999.49262704
2024-03-04,0.05330750891701965,0.9892154035992629,3499998.957477087,1.4042302813221288e-07,0.39514274951526096,1499999.6048571083
2024-03-05,0.05330744974407949,0.7704025606007407,3499999.1762899896,1.4042277764829678e-07,0.30773779334783596,1499999.6922620644
2024-03-06,0.05330740366014139,0.599990754670237,3499999.346701842,1.4042258257132513e-07,0.23966667276507478,1499999.760333185
2024-03-07,0.05330736776991831,0.46727374399249505,3499999.4794188887,1.4042243064523527e-07,0.1866527693142641,1499999.8133470886
2024-03-08,0.05330733981858053,0.36391355434683925,3499999.5827791058,1.40422312325108e-07,0.14536547150588527,1499999.8546343865
2024-03-09,0.0533073180500452,0.28341647633824113,3499999.663276206,1.4042222017728036e-07,0.1132108613106503,1499999.8867889969
2024-03-10,0.05330730109667989,0.2207252175282394,3499999.7259674817,1.404221484124435e-07,0.08816879887465029,1499999.9118310593
2024-03-11,0.05330728789337455,0.17190116038910302,3499999.774791552,1.4042209252189668e-07,0.06866600011436264,1499999.9313338578
2024-03-12,0.05330727761062084,0.1338769037559565,3499999.8128158194,1.4042204899426345e-07,0.053477189137866664,1499999.9465226687
2024-03-13,0.05330726960239798,0.10426355446954247,3499999.842429177,1.4042201509488703e-07,0.041648120692847734,1499999.9583517374
2024-03-14,0.05330726336558299,0.08120063388953534,3499999.865492103,1.40421988694009e-07,0.03243562517263432,1499999.9675642329
2024-03-15,0.053307258508342156,0.06323919484497786,3499999.883453547,1.4042196813296763e-07,0.025260919567847206,1499999.9747389385
2024-03-16,0.05330725472551459,0.04925079370700759,3499999.897441952,1.404219521199944e-07,0.019673246274368627,1499999.9803266118
2024-03-17,0.05330725177944327,0.03835660684042468,3499999.9083361416,1.4042193964906962e-07,0.015321558594491975,1499999.9846782994
2024-03-18,0.05330724948503792,0.029872195119144483,3499999.916820556,1.4042192993669278e-07,0.011932456873121952,1499999.9880674013
2024-03-19,0.0533072476981507,0.023264518875964167,3499999.9234282337,1.4042192237267578e-07,0.00929301808210556,1499999.99070684
2024-03-20,0.053307246306521075,0.01811845360309732,3499999.9285743004,1.404219164818118e-07,0.007237420488614917,1499999.9927624376
2024-03-21,0.053307245222717375,0.014110688390506543,3499999.9325820664,1.404219118939962e-07,0.005636517365062708,1499999.9943633408
2024-03-22,0.05330724437864883,0.010989432559754129,3499999.935703323,1.4042190832099623e-07,0.0043897307880052475,1499999.9956101272
2024-03-23,0.05330724372128769,0.008558596437534918,3499999.93813416,1.4042190553834157e-07,0.003418732636090233,1499999.9965811253
2024-03-24,0.053307243209333464,0.006665456162684446,3499999.9400273007,1.4042190337120428e-07,0.0026625172881598333,1499999.9973373406
2024-03-25,0.05330724281062211,0.005191073296969533,3499999.941501684,1.4042190168343194e-07,0.002073574730010125,1499999.9979262834
2024-03-26,0.05330724250010575,0.004042824072426085,3499999.9426499335,1.40421900368995e-07,0.0016149063571592685,1499999.9983849518
2024-03-27,0.0533072422582748,0.003148564623637975,3499999.943544193,1.4042189934530803e-07,0.00125769427306911,1499999.998742164
2024-03-28,0.05330724206993587,0.0024521116898881096,3499999.944240646,1.4042189854805645e-07,0.0009794960527927507,1499999.9990203623
2024-03-29,0.05330724192325754,0.0019097142733665942,3499999.9447830436,1.404218979271571e-07,0.0007628353447319216,1499999.999237023
2024-03-30,0.053307241809024596,0.0014872957286005467,3499999.945205462,1.404218974436012e-07,0.0005941002216806507,1499999.9994057582
2024-03-31,0.053307241720059094,0.0011583129374619066,3499999.945534445,1.4042189706700407e-07,0.0004626880271160873,1499999.9995371706
2024-04-01,0.05330724165077247,0.000902100008336269,3499999.945790658,1.4042189677370904e-07,0.00036034376497509044,1499999.9996395148
2024-04-02,0.053307241596812174,0.000702561883746117,3499999.945990196,1.404218965452914e-07,0.0002806382605762081,1499999.9997192204
2024-04-03,0.05330724155478821,0.0005471628063833414,3499999.946145595,1.404218963674009e-07,0.00021856410290704782,1499999.9997812947
2024-04-04,0.05330724152205918,0.0004261351991366714,3499999.9462666223,1.4042189622885648e-07,0.00017021963140553784,1499999.999829639
2024-04-05,0.053307241496569534,0.00033187783694971516,3499999.9463608796,1.4042189612095695e-07,0.00013256853546360028,1499999.9998672903
2024-04-06,0.05330724147671843,0.00025847107368079196,3499999.9464342864,1.404218960369258e-07,0.00010324621160902419,1499999.9998966125
2024-04-07,0.053307241461258634,0.0002013028810697515,3499999.9464914543,1.4042189597148324e-07,8.041038463741179e-05,1499999.9999194485
2024-04-08,0.0533072414492182,0.00015677907782135487,3499999.9465359785,1.40421895920515e-07,6.262535852458177e-05,1499999.9999372335
2024-04-09,0.05330724143984078,0.00012210271689943423,3499999.9465706544,1.4042189588081953e-07,4.877389261548158e-05,1499999.9999510848
2024-04-10,0.053307241432537456,9.509602815118773e-05,3499999.9465976614,1.4042189584990391e-07,3.7986076555947344e-05,1499999.9999618726
2024-04-11,0.05330724142684984,7.406402472034182e-05,3499999.946618693,1.4042189582582777e-07,2.958484784041638e-05,1499999.999970274
2024-04-12,0.05330724142242061,5.7685414563614226e-05,3499999.9466350717,1.4042189580707833e-07,2.304241639273752e-05,1499999.9999768166
2024-04-13,0.05330724141897101,4.492943010372812e-05,3499999.946647828,1.4042189579247564e-07,1.7947042155167855e-05,1499999.9999819119
2024-04-14,0.05330724141628411,3.4993777183741417e-05,3499999.946657764,1.4042189578110144e-07,1.3978248788384051e-05,1499999.9999858807
2024-04-15,0.05330724141419128,2.725489468027587e-05,3499999.9466655026,1.4042189577224216e-07,1.088695486702326e-05,1499999.999988972
2024-04-16,0.05330724141256132,2.122756015520639e-05,3499999.9466715297,1.404218957653423e-07,8.479338352285359e-06,1499999.9999913797
2024-04-17,0.05330724141129206,1.65340724583008e-05,3499999.946676223,1.404218957599694e-07,6.604526579767847e-06,1499999.9999932544
2024-04-18,0.05330724141030375,1.2879525539781259e-05,3499999.946679878,1.4042189575578564e-07,5.144719382377253e-06,1499999.999994714
2024-04-19,0.05330724140953423,1.0034114470511004e-05,3499999.9466827232,1.404218957525279e-07,4.008121229766735e-06,1499999.9999958507
2024-04-20,0.053307241408934725,7.817450459589988e-06,3499999.9466849403,1.4042189574998973e-07,3.122675861864449e-06,1499999.9999967362
2024-04-21,0.05330724140846749,6.089851179996641e-06,3499999.946686668,1.4042189574801146e-07,2.4325872102900632e-06,1499999.9999974263
2024-04-22,0.053307241408103424,4.743737430699303e-06,3499999.946688014,1.404218957464701e-07,1.894882795231497e-06,1499999.999997964
2024-04-23,0.05330724140781984,3.6951424075668736e-06,3499999.9466890628,1.4042189574526954e-07,1.476022103922937e-06,1499999.9999983828
2024-04-24,0.05330724140759904,2.8787054125061837e-06,3499999.946689879,1.4042189574433484e-07,1.1498968283784754e-06,1499999.999998709
2024-04-25,0.053307241407427326,2.243726825705178e-06,3499999.946690514,1.4042189574360787e-07,8.962550245886524e-07,1499999.9999989625
2024-04-26,0.05330724140729356,1.7491919702681577e-06,3499999.9466910088,1.4042189574304144e-07,6.987133957503792e-07,1499999.9999991602
2024-04-27,0.05330724140718969,1.3652916927338643e-06,3499999.9466913925,1.404218957426014e-07,5.453646887807552e-07,1499999.9999993134
2024-04-28,0.05330724140710845,1.0651551470103497e-06,3499999.946691693,1.4042189574225704e-07,4.2547535521231554e-07,1499999.9999994333
2024-04-29,0.05330724140704516,8.313978875631229e-07,3499999.9466919266,1.4042189574198858e-07,3.3210118737181393e-07,1499999.9999995267
2024-04-30,0.05330724140699558,6.483363643818385e-07,3499999.946692109,1.4042189574177825e-07,2.5897739883039764e-07,1499999.9999995998
2024-05-01,0.05330724140695688,5.054184308327284e-07,3499999.946692252,1.404218957416141e-07,2.0188894075205746e-07,1499999.9999996568
2024-05-02,0.05330724140692671,3.939441571395132e-07,3499999.946692364,1.4042189574148624e-07,1.573606312165163e-07,1499999.9999997013
2024-05-03,0.053307241406903204,3.070482563031501e-07,3499999.9466924504,1.4042189574138666e-07,1.22650135426599e-07,1499999.999999736
2024-05-04,0.05330724140688497,2.3961349270806404e-07,3499999.946692518,1.404218957413095e-07,9.571337686857856e-08,1499999.999999763
2024-05-05,0.05330724140687084,1.8737314574290834e-07,3499999.94669257,1.4042189574124968e-07,7.484601665071304e-08,1499999.999999784
2024-05-06,0.053307241406860086,1.476362735509602e-07,3499999.9466926097,1.404218957412041e-07,5.8973160144983956e-08,1499999.9999997998
2024-05-07,0.05330724140685154,1.1616075082052886e-07,3499999.9466926414,1.4042189574116765e-07,4.64002923493672e-08,1499999.9999998123
2024-05-08,0.05330724140684508,9.250195435460871e-08,3499999.9466926646,1.404218957411399e-07,3.694980969458201e-08,1499999.999999822
2024-05-09,0.05330724140683997,7.394651444709212e-08,3499999.9466926833,1.4042189574111773e-07,2.953785805366966e-08,1499999.999999829
2024-05-10,0.05330724140683573,5.8647486778080685e-08,3499999.9466926986,1.4042189574109904e-07,2.3426676618499677e-08,1499999.9999998352
2024-05-11,0.05330724140683242,4.685302113780356e-08,3499999.9466927107,1.4042189574108427e-07,1.8715389294466002e-08,1499999.9999998398
2024-05-12,0.053307241406829665,3.704108528590831e-08,3499999.9466927205,1.4042189574107193e-07,1.4796021289865051e-08,1499999.9999998438
2024-05-13,0.05330724140682742,2.906831310165406e-08,3499999.9466927284,1.4042189574106182e-07,1.1611305285467774e-08,1499999.999999847
2024-05-14,0.05330724140682562,2.265856872310005e-08,3499999.946692735,1.404218957410538e-07,9.050939244039063e-09,1499999.9999998496
2024-05-15,0.05330724140682422,1.759939888067965e-08,3499999.94669274,1.404218957410477e-07,7.030059056908853e-09,1499999.9999998517
2024-05-16,0.05330724140682314,1.3648412060682433e-08,3499999.9466927443,1.4042189574104313e-07,5.451841567601748e-09,1499999.9999998533
2024-05-17,0.05330724140682234,1.0629062833059068e-08,3499999.946692747,1.4042189574103977e-07,4.245765902809757e-09,1499999.9999998545
2024-05-18,0.05330724140682174,8.347772164540828e-09,3499999.9466927494,1.404218957410374e-07,3.334507087260732e-09,1499999.9999998554
2024-05-19,0.05330724140682131,6.691962815722297e-09,3499999.946692751,1.404218957410357e-07,2.6730962003960092e-09,1499999.999999856
2024-05-20,0.053307241406821006,5.50122721030967e-09,3499999.946692752,1.404218957410345e-07,2.1974585572988162e-09,1499999.9999998566
2024-05-21,0.05330724140682079,4.546474741050198e-09,3499999.946692753,1.4042189574103387e-07,1.8160842516940203e-09,1499999.999999857
2024-05-22,0.05330724140682063,3.787862489679874e-09,3499999.9466927536,1.404218957410334e-07,1.5130578681130008e-09,1499999.9999998573
2024-05-23,0.053307241406820485,3.1398344660192377e-09,3499999.9466927545,1.404218957410329e-07,1.254204038661989e-09,1499999.9999998575
2024-05-24,0.053307241406820326,2.5399428303241917e-09,3499999.946692755,1.4042189574103215e-07,1.014577928156272e-09,1499999.9999998577
2024-05-25,0.0533072414068202,2.0233379865878884e-09,3499999.9466927554,1.4042189574103167e-07,8.082208282636233e-10,1499999.999999858
2024-05-26,0.05330724140682008,1.5497879501761097e-09,3499999.946692756,1.4042189574103112e-07,6.190618215624314e-10,1499999.9999998582
2024-05-27,0.05330724140681997,1.1360448637463151e-09,3499999.9466927564,1.404218957410305e-07,4.537925216753251e-10,1499999.9999998582
2024-05-28,0.05330724140681987,8.215268431945572e-10,3499999.946692757,1.4042189574102987e-07,3.2815844412815617e-10,1499999.9999998584
2024-05-29,0.05330724140681976,4.743166749060254e-10,3499999.9466927573,1.404218957410292e-07,1.8946550463224843e-10,1499999.9999998587
2024-05-30,0.05330724140681966,1.4249251946313951e-10,3499999.9466927573,1.404218957410286e-07,5.6918491586632494e-11,1499999.9999998587
2024-05-31,0.05330724140681958,-1.0516671493684381e-10,3499999.946692758,1.4042189574102813e-07,-4.200891085377688e-11,1499999.999999859
2024-06-01,0.05330724140681955,-2.1704006879880552e-10,3499999.946692758,1.4042189574102794e-07,-8.669671683550154e-11,1499999.999999859
2024-06-02,0.053307241406819535,-2.8253886903225257e-10,3499999.946692758,1.4042189574102783e-07,-1.1286023274740467e-10,1499999.999999859
2024-06-03,0.05330724140681951,-3.833642750070681e-10,3499999.946692758,1.4042189574102773e-07,-1.5313494249204652e-10,1499999.999999859
2024-06-04,0.05330724140681951,-4.3206153776510687e-10,3499999.946692758,1.4042189574102775e-07,-1.7258706982325825e-10,1499999.999999859
2024-06-05,0.05330724140681953,-4.1971097428269745e-10,3499999.946692758,1.4042189574102797e-07,-1.676536406001379e-10,1499999.999999859
2024-06-06,0.05330724140681957,-3.6127974209452135e-10,3499999.946692758,1.4042189574102834e-07,-1.4431328640024968e-10,1499999.999999859
2024-06-07,0.053307241406819604,-3.2324742094170137e-10,3499999.946692758,1.404218957410286e-07,-1.2912128253437705e-10,1499999.999999859
2024-06-08,0.05330724140681964,-2.719457388747097e-10,3499999.946692758,1.4042189574102892e-07,-1.0862882200288293e-10,1499999.999999859
2024-06-09,0.05330724140681968,-2.131618349360429e-10,3499999.946692758,1.4042189574102926e-07,-8.514757186965615e-11,1499999.999999859
2024-06-10,0.053307241406819715,-1.52646632667168e-10,3499999.946692758,1.404218957410296e-07,-6.097473480960084e-11,1499999.999999859
2024-06-11,0.05330724140681975,-9.528762948624843e-11,3499999.946692758,1.404218957410299e-07,-3.8062663061973517e-11,1499999.999999859
2024-06-12,0.05330724140681978,-4.7184008019733523e-11,3499999.946692758,1.4042189574103016e-07,-1.884765319046947e-11,1499999.999999859
2024-06-13,0.0533072414068198,-1.4001369714131677e-11,3499999.946692758,1.4042189574103032e-07,-5.592830418752005e-12,1499999.999999859
2024-06-14,0.053307241406819805,-1.405316015951242e-12,3499999.946692758,1.404218957410304e-07,-5.613199704843591e-13,1499999.999999859
2024-06-15,0.05330724140681982,1.824492401718185e-11,3499999.946692758,1.404218957410305e-07,7.287978648854782e-12,1499999.999999859
2024-06-16,0.053307241406819826,2.9142122684059425e-11,3499999.946692758,1.404218957410306e-07,1.1640869049201849e-11,1499999.999999859
2024-06-17,0.053307241406819826,2.940471445718698e-11,3499999.946692758,1.404218957410306e-07,1.1745758617064082e-11,1499999.999999859
2024-06-18,0.05330724140681982,1.7819472188596603e-11,3499999.946692758,1.4042189574103056e-07,7.118022409685384e-12,1499999.999999859
2024-06-19,0.05330724140681982,1.005164145851027e-11,3499999.946692758,1.4042189574103053e-07,4.015155390938297e-12,1499999.999999859
2024-06-20,0.05330724140681981,1.9835660410464173e-12,3499999.946692758,1.404218957410305e-07,7.923560180306618e-13,1499999.999999859
2024-06-21,0.05330724140681981,-6.52000123746495e-12,3499999.946692758,1.4042189574103048e-07,-2.6044006584943206e-12,1499999.999999859
2024-06-22,0.053307241406819805,-1.4152139211778102e-11,3499999.946692758,1.4042189574103045e-07,-5.653064251000076e-12,1499999.999999859
2024-06-23,0.053307241406819805,-2.0320893111977413e-11,3499999.946692758,1.4042189574103043e-07,-8.117177839081915e-12,1499999.999999859
2024-06-24,0.053307241406819805,-2.5821767800935626e-11,3499999.946692758,1.4042189574103043e-07,-1.031450636427366e-11,1499999.999999859
2024-06-25,0.0533072414068198,-3.0682477324086016e-11,3499999.946692758,1.404218957410304e-07,-1.22561202647351e-11,1499999.999999859
2024-06-26,0.0533072414068198,-3.4903021681428574e-11,3499999.946692758,1.4042189574103038e-07,-1.3942019540466225e-11,1499999.999999859
2024-06-27,0.0533072414068198,-4.2119764982870665e-11,3499999.946692758,1.4042189574103038e-07,-1.6824754156079428e-11,1499999.999999859
2024-06-28,0.05330724140681979,-5.0230236640233436e-11,3499999.946692758,1.4042189574103035e-07,-2.0064489736865847e-11,1499999.999999859
2024-06-29,0.05330724140681979,-5.793954531383893e-11,3499999.946692758,1.4042189574103032e-07,-2.3143980398536405e-11,1499999.999999859
2024-06-30,0.053307241406819784,-6.524769100368712e-11,3499999.946692758,1.404218957410303e-07,-2.6063226141091098e-11,1499999.999999859
2024-07-01,0.053307241406819784,-7.215467370977802e-11,3499999.946692758,1.4042189574103027e-07,-2.8822226964529923e-11,1499999.999999859
2024-07-02,0.053307241406819784,-7.866049343211165e-11,3499999.946692758,1.4042189574103027e-07,-3.142098286885289e-11,1499999.999999859
2024-07-03,0.05330724140681978,-8.476515017068798e-11,3499999.946692758,1.4042189574103024e-07,-3.3859493854059993e-11,1499999.999999859
2024-07-04,0.05330724140681978,-9.046864392550701e-11,3499999.946692758,1.4042189574103022e-07,-3.6137759920151225e-11,1499999.999999859
2024-07-05,0.05330724140681977,-9.577097469656877e-11,3499999.946692758,1.404218957410302e-07,-3.82557810671266e-11,1499999.999999859
2024-07-06,0.05330724140681977,-1.0067214248387324e-10,3499999.946692758,1.404218957410302e-07,-4.02135572949861e-11,1499999.999999859
2024-07-07,0.05330724140681977,-1.0517214728742041e-10,3499999.946692758,1.4042189574103016e-07,-4.201108860372975e-11,1499999.999999859
2024-07-08,0.053307241406819764,-1.0927098910721028e-10,3499999.946692758,1.4042189574103016e-07,-4.364837499335752e-11,1499999.999999859
2024-07-09,0.053307241406819764,-1.1296866794324288e-10,3499999.946692758,1.4042189574103014e-07,-4.5125416463869427e-11,1499999.999999859
2024-07-10,0.053307241406819764,-1.1626518379551819e-10,3499999.946692758,1.4042189574103014e-07,-4.644221301526548e-11,1499999.999999859
2024-07-11,0.053307241406819764,-1.191605366640362e-10,3499999.946692758,1.404218957410301e-07,-4.7598764647545657e-11,1499999.999999859
2024-07-12,0.05330724140681976,-1.2165472654879695e-10,3499999.946692758,1.404218957410301e-07,-4.8595071360709984e-11,1499999.999999859
2024-07-13,0.05330724140681976,-1.2374775344980037e-10,3499999.946692758,1.4042189574103008e-07,-4.943113315475844e-11,1499999.999999859
2024-07-14,0.05330724140681976,-1.2543961736704652e-10,3499999.946692758,1.4042189574103008e-07,-5.010695002969103e-11,1499999.999999859
2024-07-15,0.05330724140681976,-1.2673031830053537e-10,3499999.946692758,1.4042189574103008e-07,-5.0622521985507754e-11,1499999.999999859
2024-07-16,0.05330724140681976,-1.2761985625026695e-10,3499999.946692758,1.4042189574103006e-07,-5.097784902220862e-11,1499999.999999859
2024-07-17,0.05330724140681976,-1.2810823121624122e-10,3499999.946692758,1.4042189574103006e-07,-5.117293113979361e-11,1499999.999999859
2024-07-18,0.05330724140681976,-1.2819544319845823e-10,3499999.946692758,1.4042189574103006e-07,-5.120776833826274e-11,1499999.999999859
2024-07-19,0.05330724140681976,-1.2788149219691793e-10,3499999.946692758,1.4042189574103006e-07,-5.108236061761601e-11,1499999.999999859
2024-07-20,0.05330724140681976,-1.2716637821162036e-10,3499999.946692758,1.4042189574103003e-07,-5.079670797785342e-11,1499999.999999859
2024-07-21,0.05330724140681976,-1.260501012425655e-10,3499999.946692758,1.4042189574103003e-07,-5.035081041897496e-11,1499999.999999859
2024-07-22,0.05330724140681976,-1.2453266128975334e-10,3499999.946692758,1.4042189574103003e-07,-4.974466794098063e-11,1499999.999999859
2024-07-23,0.05330724140681976,-1.2261405835318387e-10,3499999.946692758,1.4042189574103003e-07,-4.8978280543870436e-11,1499999.999999859
2024-07-24,0.05330724140681976,-1.2029429243285713e-10,3499999.946692758,1.4042189574103003e-07,-4.805164822764438e-11,1499999.999999859
2024-07-25,0.05330724140681976,-1.175733635287731e-10,3499999.946692758,1.4042189574103003e-07,-4.696477099230247e-11,1499999.999999859
2024-07-26,0.05330724140681976,-1.1445127164093179e-10,3499999.946692758,1.4042189574103003e-07,-4.571764883784469e-11,1499999.999999859
2024-07-27,0.05330724140681976,-1.1092801676933317e-10,3499999.946692758,1.4042189574103003e-07,-4.431028176427103e-11,1499999.999999859
2024-07-28,0.05330724140681976,-1.0700359891397728e-10,3499999.946692758,1.4042189574103003e-07,-4.274266977158152e-11,1499999.999999859
2024-07-29,0.05330724140681976,-1.0267801807486409e-10,3499999.946692758,1.4042189574103003e-07,-4.101481285977615e-11,1499999.999999859
2024-07-30,0.05330724140681976,-9.795127425199363e-11,3499999.946692758,1.4042189574103003e-07,-3.912671102885491e-11,1499999.999999859
2024-07-31,0.05330724140681976,-9.282336744536588e-11,3499999.946692758,1.4042189574103003e-07,-3.707836427881781e-11,1499999.999999859
2024-08-01,0.053307241406819764,-8.729429765498082e-11,3499999.946692758,1.4042189574103006e-07,-3.486977260966483e-11,1499999.999999859
2024-08-02,0.053307241406819764,-8.136406488083849e-11,3499999.946692758,1.4042189574103006e-07,-3.2500936021396e-11,1499999.999999859
2024-08-03,0.053307241406819764,-7.503266912293885e-11,3499999.946692758,1.4042189574103006e-07,-2.99718545140113e-11,1499999.999999859
2024-08-04,0.053307241406819764,-6.830011038128194e-11,3499999.946692758,1.4042189574103006e-07,-2.7282528087510737e-11,1499999.999999859
2024-08-05,0.05330724140681977,-6.116638865586772e-11,3499999.946692758,1.4042189574103008e-07,-2.443295674189431e-11,1499999.999999859
2024-08-06,0.05330724140681977,-5.363150394669623e-11,3499999.946692758,1.4042189574103008e-07,-2.1423140477162017e-11,1499999.999999859
2024-08-07,0.05330724140681977,-5.2669399849787445e-11,3499999.946692758,1.4042189574103006e-07,-2.103882740813976e-11,1499999.999999859
2024-08-08,0.05330724140681977,-5.215615302209409e-11,3499999.946692758,1.4042189574103006e-07,-2.0833810783461183e-11,1499999.999999859
2024-08-09,0.05330724140681977,-5.160010391272254e-11,3499999.946692758,1.4042189574103006e-07,-2.0611696748174586e-11,1499999.999999859
2024-08-10,0.05330724140681977,-5.1001252521672786e-11,3499999.946692758,1.4042189574103006e-07,-2.037248530227997e-11,1499999.999999859
2024-08-11,0.05330724140681977,-5.035959884894482e-11,3499999.946692758,1.4042189574103006e-07,-2.0116176445777335e-11,1499999.999999859
2024-08-12,0.05330724140681977,-4.967514289453867e-11,3499999.946692758,1.4042189574103006e-07,-1.9842770178666678e-11,1499999.999999859
2024-08-13,0.05330724140681977,-4.894788465845431e-11,3499999.946692758,1.4042189574103006e-07,-1.9552266500948007e-11,1499999.999999859
2024-08-14,0.05330724140681977,-4.817782414069175e-11,3499999.946692758,1.4042189574103006e-07,-1.924466541262131e-11,1499999.999999859
2024-08-15,0.05330724140681977,-4.736496134125099e-11,3499999.946692758,1.4042189574103006e-07,-1.89199669136866e-11,1499999.999999859
2024-08-16,0.05330724140681977,-4.650929626013203e-11,3499999.946692758,1.4042189574103006e-07,-1.8578171004143867e-11,1499999.999999859
2024-08-17,0.05330724140681977,-4.5610828897334864e-11,3499999.946692758,1.4042189574103006e-07,-1.8219277683993114e-11,1499999.999999859
2024-08-18,0.05330724140681977,-4.46695592528595e-11,3499999.946692758,1.4042189574103003e-07,-1.7843286953234343e-11,1499999.999999859
2024-08-19,0.05330724140681977,-4.3685487326705936e-11,3499999.946692758,1.4042189574103003e-07,-1.7450198811867554e-11,1499999.999999859
2024-08-20,0.05330724140681977,-4.265861311887417e-11,3499999.946692758,1.4042189574103003e-07,-1.7040013259892744e-11,1499999.999999859
2024-08-21,0.05330724140681977,-4.1588936629364196e-11,3499999.946692758,1.4042189574103003e-07,-1.6612730297309912e-11,1499999.999999859
2024-08-22,0.05330724140681977,-4.047645785817602e-11,3499999.946692758,1.4042189574103003e-07,-1.6168349924119063e-11,1499999.999999859
2024-08-23,0.05330724140681977,-3.9321176805309653e-11,3499999.946692758,1.4042189574103003e-07,-1.5706872140320196e-11,1499999.999999859
2024-08-24,0.05330724140681977,-3.812309347076509e-11,3499999.946692758,1.4042189574103003e-07,-1.5228296945913307e-11,1499999.999999859
2024-08-25,0.05330724140681977,-3.688220785454231e-11,3499999.946692758,1.4042189574103003e-07,-1.47326243408984e-11,1499999.999999859
2024-08-26,0.05330724140681977,-3.559851995664134e-11,3499999.946692758,1.4042189574103003e-07,-1.4219854325275476e-11,1499999.999999859
2024-08-27,0.05330724140681978,-3.427202977706216e-11,3499999.946692758,1.4042189574103003e-07,-1.3689986899044528e-11,1499999.999999859
2024-08-28,0.05330724140681978,-3.290273731580479e-11,3499999.946692758,1.4042189574103003e-07,-1.3143022062205563e-11,1499999.999999859
2024-08-29,0.05330724140681978,-3.149064257286921e-11,3499999.946692758,1.4042189574103003e-07,-1.2578959814758577e-11,1499999.999999859
2024-08-30,0.05330724140681978,-3.0035745548255426e-11,3499999.946692758,1.4042189574103003e-07,-1.1997800156703572e-11,1499999.999999859
2024-08-31,0.05330724140681978,-2.853804624196345e-11,3499999.946692758,1.4042189574103003e-07,-1.139954308804055e-11,1499999.999999859
2024-09-01,0.05330724140681978,-2.699754465399327e-11,3499999.946692758,1.4042189574103003e-07,-1.0784188608769505e-11,1499999.999999859
2024-09-02,0.05330724140681978,-2.5414240784344888e-11,3499999.946692758,1.4042189574103006e-07,-1.0151736718890444e-11,1499999.999999859
2024-09-03,0.05330724140681978,-2.3788134633018305e-11,3499999.946692758,1.4042189574103006e-07,-9.502187418403362e-12,1499999.999999859
2024-09-04,0.05330724140681978,-2.2119226200013512e-11,3499999.946692758,1.4042189574103006e-07,-8.835540707308258e-12,1499999.999999859
2024-09-05,0.05330724140681978,-2.0407515485330528e-11,3499999.946692758,1.4042189574103006e-07,-8.151796585605139e-12,1499999.999999859
2024-09-06,0.05330724140681978,-1.865300248896934e-11,3499999.946692758,1.4042189574103006e-07,-7.450955053293998e-12,1499999.999999859
2024-09-07,0.05330724140681978,-1.685568721092995e-11,3499999.946692758,1.4042189574103006e-07,-6.733016110374838e-12,1499999.999999859
2024-09-08,0.05330724140681978,-1.501556965121236e-11,3499999.946692758,1.4042189574103006e-07,-5.9979797568476585e-12,1499999.999999859
2024-09-09,0.05330724140681978,-1.3132649809816568e-11,3499999.946692758,1.4042189574103006e-07,-5.24584599271246e-12,1499999.999999859
2024-09-10,0.05330724140681978,-1.1206927686742576e-11,3499999.946692758,1.4042189574103006e-07,-4.476614817969242e-12,1499999.999999859
2024-09-11,0.053307241406819784,-9.238403281990379e-12,3499999.946692758,1.4042189574103006e-07,-3.690286232618003e-12,1499999.999999859
2024-09-12,0.053307241406819784,-7.2270765955599865e-12,3499999.946692758,1.4042189574103006e-07,-2.886860236658747e-12,1499999.999999859
2024-09-13,0.053307241406819784,-5.172947627451389e-12,3499999.946692758,1.4042189574103008e-07,-2.06633683009147e-12,1499999.999999859
2024-09-14,0.053307241406819784,-3.0760163776645903e-12,3499999.946692758,1.4042189574103008e-07,-1.2287160129161742e-12,1499999.999999859
2024-09-15,0.053307241406819784,-9.362828461995911e-13,3499999.946692758,1.4042189574103008e-07,-3.7399778513285906e-13,1499999.999999859
2024-09-16,0.053307241406819784,9.64831834252255e-13,3499999.946692758,1.4042189574103008e-07,3.854039564319452e-13,1499999.999999859
2024-09-17,0.053307241406819784,1.0436962641485176e-12,3499999.946692758,1.4042189574103008e-07,4.1690637821473043e-13,1499999.999999859
2024-09-18,0.053307241406819784,1.1225606940447806e-12,3499999.946692758,1.4042189574103008e-07,4.4840879999751585e-13,1499999.999999859
2024-09-19,0.053307241406819784,1.2014251239410437e-12,3499999.946692758,1.4042189574103008e-07,4.799112217803013e-13,1499999.999999859
2024-09-20,0.053307241406819784,1.2802895538373067e-12,3499999.946692758,1.4042189574103008e-07,5.114136435630867e-13,1499999.999999859
2024-09-21,0.053307241406819784,1.3591539837335698e-12,3499999.946692758,1.4042189574103008e-07,5.429160653458723e-13,1499999.999999859
2024-09-22,0.053307241406819784,1.4380184136298328e-12,3499999.946692758,1.4042189574103008e-07,5.744184871286575e-13,1499999.999999859
2024-09-23,0.053307241406819784,1.516882843526096e-12,3499999.946692758,1.4042189574103008e-07,6.059209089114431e-13,1499999.999999859
2024-09-24,0.053307241406819784,1.5957472734223585e-12,3499999.946692758,1.4042189574103008e-07,6.374233306942284e-13,1499999.999999859
2024-09-25,0.053307241406819784,1.674611703318622e-12,3499999.946692758,1.4042189574103008e-07,6.68925752477014e-13,1499999.999999859
2024-09-26,0.053307241406819784,1.7534761332148847e-12,3499999.946692758,1.4042189574103008e-07,7.004281742597994e-13,1499999.999999859
2024-09-27,0.053307241406819784,1.832340563111148e-12,3499999.946692758,1.4042189574103008e-07,7.319305960425848e-13,1499999.999999859
2024-09-28,0.053307241406819784,1.9112049930074108e-12,3499999.946692758,1.4042189574103008e-07,7.634330178253702e-13,1499999.999999859
2024-09-29,0.053307241406819784,1.9900694229036742e-12,3499999.946692758,1.4042189574103008e-07,7.949354396081558e-13,1499999.999999859
2024-09-30,0.053307241406819784,2.068933852799937e-12,3499999.946692758,1.4042189574103008e-07,8.264378613909411e-13,1499999.999999859
2024-10-01,0.053307241406819784,2.1477982826962003e-12,3499999.946692758,1.4042189574103008e-07,8.579402831737266e-13,1499999.999999859
2024-10-02,0.053307241406819784,2.226662712592463e-12,3499999.946692758,1.4042189574103008e-07,8.89442704956512e-13,1499999.999999859
2024-10-03,0.053307241406819784,2.305527142488726e-12,3499999.946692758,1.4042189574103008e-07,9.209451267392975e-13,1499999.999999859
2024-10-04,0.053307241406819784,2.384391572384989e-12,3499999.946692758,1.4042189574103008e-07,9.52447548522083e-13,1499999.999999859
2024-10-05,0.053307241406819784,2.463256002281252e-12,3499999.946692758,1.4042189574103008e-07,9.839499703048684e-13,1499999.999999859
2024-10-06,0.053307241406819784,2.542120432177515e-12,3499999.946692758,1.4042189574103008e-07,1.0154523920876538e-12,1499999.999999859
2024-10-07,0.053307241406819784,2.6209848620737782e-12,3499999.946692758,1.4042189574103008e-07,1.0469548138704392e-12,1499999.999999859
2024-10-08,0.053307241406819784,2.6998492919700413e-12,3499999.946692758,1.4042189574103008e-07,1.0784572356532246e-12,1499999.999999859
2024-10-09,0.053307241406819784,2.7787137218663043e-12,3499999.946692758,1.4042189574103008e-07,1.10995965743601e-12,1499999.999999859
2024-10-10,0.053307241406819784,2.8575781517625674e-12,3499999.946692758,1.4042189574103008e-07,1.1414620792187955e-12,1499999.999999859
2024-10-11,0.053307241406819784,2.9364425816588304e-12,3499999.946692758,1.4042189574103008e-07,1.1729645010015809e-12,1499999.999999859
2024-10-12,0.053307241406819784,3.0153070115550935e-12,3499999.946692758,1.4042189574103008e-07,1.2044669227843663e-12,1499999.999999859
2024-10-13,0.053307241406819784,3.094171441451356e-12,3499999.946692758,1.4042189574103008e-07,1.2359693445671517e-12,1499999.999999859
2024-10-14,0.053307241406819784,3.173035871347619e-12,3499999.946692758,1.4042189574103008e-07,1.2674717663499371e-12,1499999.999999859
2024-10-15,0.053307241406819784,3.2519003012438822e-12,3499999.946692758,1.4042189574103008e-07,1.2989741881327225e-12,1499999.999999859
2024-10-16,0.053307241406819784,3.3307647311401453e-12,3499999.946692758,1.4042189574103008e-07,1.330476609915508e-12,1499999.999999859
2024-10-17,0.053307241406819784,3.4096291610364083e-12,3499999.946692758,1.4042189574103008e-07,1.3619790316982934e-12,1499999.999999859
2024-10-18,0.053307241406819784,3.488493590932671e-12,3499999.946692758,1.4042189574103008e-07,1.393481453481079e-12,1499999.999999859
2024-10-19,0.053307241406819784,3.567358020828934e-12,3499999.946692758,1.4042189574103008e-07,1.4249838752638644e-12,1499999.999999859
2024-10-20,0.053307241406819784,3.646222450725197e-12,3499999.946692758,1.4042189574103008e-07,1.4564862970466498e-12,1499999.999999859
2024-10-21,0.053307241406819784,3.72508688062146e-12,3499999.946692758,1.4042189574103008e-07,1.4879887188294353e-12,1499999.999999859
2024-10-22,0.053307241406819784,3.803951310517723e-12,3499999.946692758,1.4042189574103008e-07,1.5194911406122207e-12,1499999.999999859
2024-10-23,0.053307241406819784,3.882815740413986e-12,3499999.946692758,1.4042189574103008e-07,1.550993562395006e-12,1499999.999999859
2024-10-24,0.053307241406819784,3.961680170310249e-12,3499999.946692758,1.4042189574103008e-07,1.5824959841777915e-12,1499999.999999859
2024-10-25,0.053307241406819784,4.040544600206512e-12,3499999.946692758,1.4042189574103008e-07,1.613998405960577e-12,1499999.999999859
2024-10-26,0.053307241406819784,4.119409030102775e-12,3499999.946692758,1.4042189574103008e-07,1.6455008277433624e-12,1499999.999999859
2024-10-27,0.053307241406819784,4.15252073069526e-12,3499999.946692758,1.4042189574103008e-07,1.65872729952113e-12,1499999.999999859
2024-10-28,0.053307241406819784,4.093814665861026e-12,3499999.946692758,1.4042189574103008e-07,1.6352771201778337e-12,1499999.999999859
2024-10-29,0.053307241406819784,4.035108601026791e-12,3499999.946692758,1.4042189574103008e-07,1.6118269408345374e-12,1499999.999999859
2024-10-30,0.053307241406819784,3.976402536192557e-12,3499999.946692758,1.4042189574103008e-07,1.5883767614912412e-12,1499999.999999859
2024-10-31,0.053307241406819784,3.917696471358322e-12,3499999.946692758,1.4042189574103008e-07,1.5649265821479449e-12,1499999.999999859
2024-11-01,0.053307241406819784,3.858990406524088e-12,3499999.946692758,1.4042189574103008e-07,1.5414764028046485e-12,1499999.999999859
2024-11-02,0.053307241406819784,3.800284341689854e-12,3499999.946692758,1.4042189574103008e-07,1.5180262234613524e-12,1499999.999999859
2024-11-03,0.053307241406819784,3.741578276855619e-12,3499999.946692758,1.4042189574103008e-07,1.494576044118056e-12,1499999.999999859
2024-11-04,0.053307241406819784,3.6828722120213844e-12,3499999.946692758,1.4042189574103008e-07,1.4711258647747599e-12,1499999.999999859
2024-11-05,0.053307241406819784,3.6241661471871506e-12,3499999.946692758,1.4042189574103008e-07,1.4476756854314635e-12,1499999.999999859
2024-11-06,0.053307241406819784,3.565460082352916e-12,3499999.946692758,1.4042189574103008e-07,1.4242255060881672e-12,1499999.999999859
2024-11-07,0.053307241406819784,3.5067540175186818e-12,3499999.946692758,1.4042189574103008e-07,1.4007753267448708e-12,1499999.999999859
2024-11-08,0.053307241406819784,3.448047952684447e-12,3499999.946692758,1.4042189574103008e-07,1.3773251474015744e-12,1499999.999999859
2024-11-09,0.053307241406819784,3.3893418878502133e-12,3499999.946692758,1.4042189574103008e-07,1.3538749680582783e-12,1499999.999999859
2024-11-10,0.053307241406819784,3.3306358230159787e-12,3499999.946692758,1.4042189574103008e-07,1.330424788714982e-12,1499999.999999859
2024-11-11,0.053307241406819784,3.271929758181744e-12,3499999.946692758,1.4042189574103008e-07,1.3069746093716856e-12,1499999.999999859
2024-11-12,0.053307241406819784,3.2132236933475102e-12,3499999.946692758,1.4042189574103008e-07,1.2835244300283894e-12,1499999.999999859
2024-11-13,0.053307241406819784,3.1545176285132756e-12,3499999.946692758,1.4042189574103008e-07,1.260074250685093e-12,1499999.999999859
2024-11-14,0.053307241406819784,3.0958115636790414e-12,3499999.946692758,1.4042189574103008e-07,1.236624071341797e-12,1499999.999999859
2024-11-15,0.053307241406819784,3.0371054988448067e-12,3499999.946692758,1.4042189574103008e-07,1.2131738919985006e-12,1499999.999999859
2024-11-16,0.053307241406819784,2.9783994340105725e-12,3499999.946692758,1.4042189574103008e-07,1.1897237126552042e-12,1499999.999999859
2024-11-17,0.053307241406819784,2.9196933691763383e-12,3499999.946692758,1.4042189574103008e-07,1.166273533311908e-12,1499999.999999859
2024-11-18,0.053307241406819784,2.8609873043421036e-12,3499999.946692758,1.4042189574103008e-07,1.1428233539686117e-12,1499999.999999859
2024-11-19,0.053307241406819784,2.80228123950787e-12,3499999.946692758,1.4042189574103008e-07,1.1193731746253154e-12,1499999.999999859
2024-11-20,0.053307241406819784,2.743575174673635e-12,3499999.946692758,1.4042189574103008e-07,1.095922995282019e-12,1499999.999999859
2024-11-21,0.053307241406819784,2.6848691098394006e-12,3499999.946692758,1.4042189574103008e-07,1.0724728159387227e-12,1499999.999999859
2024-11-22,0.053307241406819784,2.6261630450051663e-12,3499999.946692758,1.4042189574103008e-07,1.0490226365954265e-12,1499999.999999859
2024-11-23,0.053307241406819784,2.567456980170932e-12,3499999.946692758,1.4042189574103008e-07,1.0255724572521302e-12,1499999.999999859
2024-11-24,0.053307241406819784,2.508750915336698e-12,3499999.946692758,1.4042189574103008e-07,1.002122277908834e-12,1499999.999999859
2024-11-25,0.053307241406819784,2.4500448505024633e-12,3499999.946692758,1.4042189574103008e-07,9.786720985655377e-13,1499999.999999859
2024-11-26,0.053307241406819784,2.3913387856682286e-12,3499999.946692758,1.4042189574103008e-07,9.552219192222413e-13,1499999.999999859
2024-11-27,0.053307241406819784,2.332632720833995e-12,3499999.946692758,1.4042189574103008e-07,9.317717398789452e-13,1499999.999999859
2024-11-28,0.053307241406819784,2.27392665599976e-12,3499999.946692758,1.4042189574103008e-07,9.083215605356487e-13,1499999.999999859
2024-11-29,0.053307241406819784,2.215220591165526e-12,3499999.946692758,1.4042189574103008e-07,8.848713811923525e-13,1499999.999999859
2024-11-30,0.053307241406819784,2.1565145263312917e-12,3499999.946692758,1.4042189574103008e-07,8.614212018490562e-13,1499999.999999859
2024-12-01,0.053307241406819784,2.097808461497057e-12,3499999.946692758,1.4042189574103008e-07,8.379710225057598e-13,1499999.999999859
2024-12-02,0.053307241406819784,2.039102396662823e-12,3499999.946692758,1.4042189574103008e-07,8.145208431624636e-13,1499999.999999859
2024-12-03,0.053307241406819784,1.9803963318285886e-12,3499999.946692758,1.4042189574103008e-07,7.910706638191673e-13,1499999.999999859
2024-12-04,0.053307241406819784,1.921690266994354e-12,3499999.946692758,1.4042189574103008e-07,7.67620484475871e-13,1499999.999999859
2024-12-05,0.053307241406819784,1.8629842021601198e-12,3499999.946692758,1.4042189574103008e-07,7.441703051325747e-13,1499999.999999859
2024-12-06,0.053307241406819784,1.8042781373258851e-12,3499999.946692758,1.4042189574103008e-07,7.207201257892784e-13,1499999.999999859
2024-12-07,0.053307241406819784,1.745572072491651e-12,3499999.946692758,1.4042189574103008e-07,6.972699464459821e-13,1499999.999999859
2024-12-08,0.053307241406819784,1.6868660076574165e-12,3499999.946692758,1.4042189574103008e-07,6.738197671026859e-13,1499999.999999859
2024-12-09,0.053307241406819784,1.6281599428231823e-12,3499999.946692758,1.4042189574103008e-07,6.503695877593896e-13,1499999.999999859
2024-12-10,0.053307241406819784,1.569453877988948e-12,3499999.946692758,1.4042189574103008e-07,6.269194084160933e-13,1499999.999999859
2024-12-11,0.053307241406819784,1.5107478131547134e-12,3499999.946692758,1.4042189574103008e-07,6.034692290727969e-13,1499999.999999859
2024-12-12,0.053307241406819784,1.4520417483204792e-12,3499999.946692758,1.4042189574103008e-07,5.800190497295007e-13,1499999.999999859
2024-12-13,0.053307241406819784,1.3933356834862447e-12,3499999.946692758,1.4042189574103008e-07,5.565688703862044e-13,1499999.999999859
2024-12-14,0.053307241406819784,1.3346296186520105e-12,3499999.946692758,1.4042189574103008e-07,5.331186910429082e-13,1499999.999999859
2024-12-15,0.053307241406819784,1.275923553817776e-12,3499999.946692758,1.4042189574103008e-07,5.096685116996118e-13,1499999.999999859
2024-12-16,0.053307241406819784,1.2172174889835417e-12,3499999.946692758,1.4042189574103008e-07,4.862183323563155e-13,1499999.999999859
2024-12-17,0.053307241406819784,1.1585114241493074e-12,3499999.946692758,1.4042189574103008e-07,4.627681530130193e-13,1499999.999999859
2024-12-18,0.053307241406819784,1.099805359315073e-12,3499999.946692758,1.4042189574103008e-07,4.3931797366972296e-13,1499999.999999859
2024-12-19,0.053307241406819784,1.0410992944808386e-12,3499999.946692758,1.4042189574103008e-07,4.1586779432642666e-13,1499999.999999859
2024-12-20,0.053307241406819784,9.823932296466044e-13,3499999.946692758,1.4042189574103008e-07,3.924176149831304e-13,1499999.999999859
2024-12-21,0.053307241406819784,9.236871648123697e-13,3499999.946692758,1.4042189574103008e-07,3.6896743563983405e-13,1499999.999999859
2024-12-22,0.053307241406819784,8.649810999781355e-13,3499999.946692758,1.4042189574103008e-07,3.455172562965378e-13,1499999.999999859
2024-12-23,0.053307241406819784,8.062750351439012e-13,3499999.946692758,1.4042189574103008e-07,3.220670769532415e-13,1499999.999999859
2024-12-24,0.053307241406819784,7.475689703096668e-13,3499999.946692758,1.4042189574103008e-07,2.9861689760994525e-13,1499999.999999859
2024-12-25,0.053307241406819784,6.888629054754324e-13,3499999.946692758,1.4042189574103008e-07,2.751667182666489e-13,1499999.999999859
2024-12-26,0.053307241406819784,6.30156840641198e-13,3499999.946692758,1.4042189574103008e-07,2.5171653892335264e-13,1499999.999999859
2024-12-27,0.053307241406819784,5.714507758069638e-13,3499999.946692758,1.4042189574103008e-07,2.2826635958005634e-13,1499999.999999859
2024-12-28,0.053307241406819784,5.127447109727293e-13,3499999.946692758,1.4042189574103008e-07,2.0481618023676004e-13,1499999.999999859
2024-12-29,0.053307241406819784,4.54038646138495e-13,3499999.946692758,1.4042189574103008e-07,1.8136600089346376e-13,1499999.999999859
2024-12-30,0.053307241406819784,3.953325813042606e-13,3499999.946692758,1.4042189574103008e-07,1.5791582155016749e-13,1499999.999999859
2024-12-31,0.053307241406819784,3.3662651647002625e-13,3499999.946692758,1.4042189574103008e-07,1.3446564220687118e-13,1499999.999999859
