date,S_0-18,S_19-65+,E_0-18,E_19-65+,I_0-18,I_19-65+,R_0-18,R_19-65+,total_I,total_R,total_E,total_S,daily_incidence,prevalence
2024-01-01,1990.0,7970.0,0.0,0.0,1.0,1.0,9.0,29.0,2.0,38.0,0.0,9960.0,0.0,0.0002
2024-01-02,1989.7310959359793,7969.725155635619,0.16813555286925827,0.1718658056948095,0.8709632005996251,0.8729852760747463,9.229805310551885,29.22999328261216,1.7439484766743714,38.459798593164045,0.34000135856406777,9959.456251571599,0.5437484284024805,0.00017439484766743714
2024-01-03,1989.479886812643,7969.467988545794,0.22044428099192762,0.22560290329648744,0.8552306497055656,0.8608390078425545,9.444438256659867,29.445569543068896,1.71606965754812,38.890007799728764,0.44604718428841506,9958.947875358437,0.5083762131628191,0.00017160696575481201
2024-01-04,1989.2275556133586,7969.209187039791,0.24086180325529707,0.24688077340617015,0.8716196274485645,0.8809668136606628,9.659962955937807,29.662965373144562,1.7525864411092273,39.32292832908237,0.48774257666146725,9958.43674265315,0.5111327052877712,0.00017525864411092274
2024-01-05,1988.9686828881431,7968.943216307082,0.25264777486441975,0.259382223141574,0.8976546876946228,0.9105946702743872,9.881014649298269,29.886806799503322,1.80824935796901,39.76782144880159,0.5120299980059937,9957.911899195225,0.5248434579235237,0.000180824935796901
2024-01-06,1988.7015538154405,7968.668343371861,0.26225252640838037,0.2696584697967102,0.9271272138896249,0.9434748478856345,10.109066444261563,30.118523310459313,1.8706020617752595,40.227589754720874,0.5319109962050905,9957.369897187302,0.5420020079246299,0.00018706020617752594
2024-01-07,1988.4254734491205,7968.383877654081,0.27146952934693536,0.27952761095399686,0.9583368829781593,0.9779227616393374,10.344720138554694,30.358671973327482,1.9362596446174969,40.703392111882174,0.5509971403009322,9956.809351103202,0.5605460840993786,0.0001936259644617497
2024-01-08,1988.1400228732991,7968.089407711004,0.2808023494316737,0.289500754738971,0.9908334875295322,1.0135125258710302,10.588341289740056,30.607579008387248,2.0043460134005624,41.195920298127305,0.5703031041706448,9956.229430584302,0.5799205188979073,0.00020043460134005624
2024-01-09,1987.8448530837989,7967.784590279792,0.2903969203836756,0.29972780726346787,1.0245146526826596,1.0501653361303294,10.840235343135015,30.865516576816,2.074679988812989,41.70575191995101,0.5901247276471435,9955.62944336359,0.5999872207126344,0.0002074679988812989
2024-01-10,1987.5396275462463,7967.469091771135,0.3003004517982054,0.3102592283239939,1.0593752042812068,1.0878974739029288,11.100696797674534,31.132751526639773,2.1472726781841356,42.23344832431431,0.6105596801221993,9955.008719317382,0.6207240462095029,0.00021472726781841356
2024-01-11,1987.2240060634513,7967.142572029025,0.3105331845675812,0.3211182657499427,1.0954376788287994,1.1267509755267173,11.370023073152634,31.409558729699032,2.2221886543555165,42.779581802851666,0.6316514503175239,9954.366578092477,0.6421412249040586,0.00022221886543555164
2024-01-12,1986.897640229393,7966.804679887854,0.32110764216561244,0.3323203176536197,1.132733663861848,1.1667752036994095,11.64851846457978,31.696224590794326,2.2995088675612574,43.34474305537411,0.6534279598192321,9953.702320117247,0.6642579752298943,0.00022995088675612573
2024-01-13,1986.560171800576,7966.455051671756,0.3320346547976669,0.34387906507117333,1.1712979491025308,1.2080211305720778,11.936495595523972,31.993048132601746,2.379319079674609,43.92954372812572,0.6759137198688403,9953.015223472332,0.6870966449145683,0.00023793190796746088
2024-01-14,1986.2112319211476,7966.093310622929,0.34332551168564013,0.3558080790263575,1.211166410776504,1.2505400504848025,12.234276156390445,32.300341247561754,2.461706461261307,44.5346174039522,0.6991335907119977,9952.304542544076,0.7106809282563304,0.00024617064612613066
2024-01-15,1985.8504412697143,7965.719067012417,0.3549899402262347,0.3681200507398349,1.2523779907875183,1.294384307380656,12.542190799272037,32.61842862946347,2.5467622981681743,45.16061942873551,0.7231099909660696,9951.569508282131,0.73503426194425,0.00025467622981681744
2024-01-16,1985.4774089305213,7965.331917310717,0.36703988728454207,0.3808288956475762,1.2949709753662193,1.3396056560535972,12.860580206828248,32.94764813758373,2.6345766314198165,45.80822834441197,0.7478687829321182,9950.809326241239,0.7601820408941578,0.00026345766314198163
2024-01-17,1985.0917327478812,7964.931444469775,0.37948655065894993,0.393948085768383,1.3389858976694307,1.386256821277705,13.189794803790514,33.28835062317996,2.7252427189471358,46.47814542697047,0.773434636427333,9950.023177217656,0.7861490235810322,0.00027252427189471357
2024-01-18,1984.692998952739,7964.517217598227,0.39234071446611807,0.407491070618247,1.3844652039182006,1.4343912043081326,13.530195128876972,33.64090012684724,2.818856408226333,47.17109525572421,0.799831785084365,9949.210216550966,0.8129606666899676,0.0002818856408226333
2024-01-19,1984.280781165486,7964.088791222976,0.4056160054701667,0.42147278833620017,1.431450045324667,1.484061781088972,13.882152783719576,34.00567420759977,2.9155118264136393,47.88782699131934,0.8270887938063669,9948.369572388463,0.8406441625044394,0.0002915511826413639
2024-01-20,1983.8546415075375,7963.6457060537905,0.41932239809045696,0.43590639089542543,1.4799866464178564,1.5353239145857456,14.246049447954354,34.383063640729354,3.015310561003602,48.62911308868371,0.8552287889858824,9947.500347561328,0.8692248271338485,0.0003015310561003602
2024-01-21,1983.4141284365276,7963.187487322091,0.43347487313312294,0.4508077797715316,1.5301177989413537,1.5882316442567839,14.62227889139824,34.77347325388111,3.1183494431981376,49.395752145279346,0.8842826529046546,9946.601615758618,0.8987318027089444,0.00031183494431981373
2024-01-22,1982.958778601354,7962.7136460985375,0.4480835093466347,0.4661903900354152,1.5818925761496014,1.6428421509534543,15.011245313150074,35.17732136047469,3.2247347271030558,50.18856667362476,0.9142738993820498,9945.672424699891,0.9291910587277314,0.00032247347271030556
2024-01-23,1982.4881142133816,7962.2236772532715,0.46316431268201774,0.4820709025248259,1.635355695132064,1.6992110281725463,15.413365778804774,35.59504081603186,3.3345667233046106,51.008406594836636,0.9452352152068436,9944.711791466652,0.9606332332382195,0.00033345667233046104
2024-01-24,1982.0016453123503,7961.717061057729,0.47872742434431825,0.4984630884620916,1.6905590794952103,1.7573975108081432,15.82906818381043,36.02707834300238,3.4479565903033533,51.85614652681281,0.9771905128064098,9943.718706370079,0.9930850965744824,0.00034479565903033536
2024-01-25,1981.4988667046669,7961.193260808767,0.4947900054739278,0.5153845128908066,1.7475491976945194,1.817458917189102,16.25879409216512,36.473895761153976,3.5650081148836215,52.7326898533191,1.0101745183647344,9942.692127513434,1.026578856644882,0.0003565008114883621
2024-01-26,1980.979260720599,7960.651724773707,0.5113621844546353,0.5328492696107063,1.8063808443979157,1.8794567798414212,16.702996250548576,36.93596917684173,3.685837624239337,53.6389654273903,1.0442114540653415,9941.630985494307,1.06114201912753,0.0003685837624239337
2024-01-27,1980.4422936921576,7960.091883457546,0.5284621489757546,0.5508757825469406,1.867102304148537,1.9434503626936308,17.162141854718442,37.41379039721448,3.8105526668421676,54.57593225193292,1.0793379315226952,9940.534177149704,1.096808344602799,0.00038105526668421675
2024-01-28,1979.8874191249204,7959.513151840038,0.5461001951722595,0.569478588510186,1.9297709937631056,2.009503571051096,17.63670968614458,37.907866000402926,3.9392745648142014,55.5445756865475,1.1155787836824453,9939.400570964957,1.1336061847463696,0.0003939274564814201
2024-01-29,1979.3140738814852,7958.914926411203,0.5642952757501377,0.5886768545768193,1.9944371872847297,2.0776778628633834,18.12719365548021,38.418718871358095,4.072115050148113,56.54591252683831,1.152972130326957,9938.229000292687,1.171570672269226,0.0004072115050148113
2024-01-30,1978.7216815758777,7958.296587556784,0.5830580584078248,0.6084856975763758,2.0611606276282135,2.1480395237348575,18.634099738086867,38.94688722190556,4.209200151363071,57.58098695999243,1.1915437559842006,9937.018269132663,1.2107311600263202,0.00042092001513630706
2024-01-31,1978.109648662779,7957.657496517538,0.6024080183590727,0.628924913419784,2.129993705576003,2.220652403559559,19.15794961328653,39.49292616548398,4.350646109135562,58.65087577877051,1.2313329317788566,9935.767145180316,1.2511239523452318,0.0004350646109135562
2024-02-01,1977.4773678703384,7956.996997783168,0.6223563834498999,0.6500103192293774,2.2009981782545434,2.2955851408827463,19.699277567957704,40.05740675672099,4.49658331913729,59.75668432467869,1.2723667026792773,9934.474365653507,1.292779526810321,0.000449658331913729
2024-02-02,1976.8242143971202,7956.314416131035,0.6429228506529353,0.6717621957355087,2.274228704159065,2.3729041491874554,20.25863404806831,40.64091752404337,4.647132853346521,60.899551572111676,1.314685046388444,9933.138630528156,1.3357351253513912,0.00046471328533465207
2024-02-03,1976.1495491610083,7955.609058862541,0.6641194810450829,0.6941972128544724,2.3497486224836126,2.4526803170471827,20.836582735463573,41.244063607559,4.802428939530795,62.08064634302257,1.3583166938995554,9931.758608023549,1.3800225046062735,0.0004802428939530795
2024-02-04,1975.4527153839567,7954.88021313234,0.6859657527568794,0.7173359192062514,2.4276151078644737,2.5349828023134915,21.433703755422467,41.86746814614175,4.962597910177966,63.30117190156422,1.4033016719631308,9930.332928516296,1.4256795072523971,0.0004962597910177966
2024-02-05,1974.733041330297,7954.12714778569,0.7084749665443287,0.7411960482852465,2.50789247446505,2.6198845412764933,22.050591228694223,42.51177162475039,5.127777015741543,64.56236285344461,1.4496710148295753,9928.860189115987,1.4727394003104166,0.0005127777015741543
2024-02-06,1973.9898376787735,7953.349111275875,0.7316657854283062,0.7657981188544662,2.590640767783678,2.707457630191257,22.68785576801527,43.17763297508078,5.298098397974935,65.86548874309605,1.4974639042827724,9927.338948954648,1.521240161338028,0.0005298098397974935
2024-02-07,1973.2223993047626,7952.545332775085,0.7555532794933161,0.7911611897708878,2.6759244978145698,2.797776754891189,23.346122917930106,43.86572928025395,5.473701252705759,67.21185219818406,1.5467144692642039,9925.767732079847,1.571216874800271,0.0005473701252705759
2024-02-08,1972.4300039504997,7951.715021057735,0.7801545750223916,0.8173053890021748,2.7638070051504418,2.8909171383639123,24.026034469327964,44.57675641490028,5.654724143514354,68.60279088422824,1.5974599640245664,9924.145025008234,1.622707071613135,0.0005654724143514355
2024-02-09,1971.611912516152,7950.857364494402,0.8054871004657136,0.8442513783348561,2.85435209979241,2.986954847824913,24.72824828359056,45.311429279439984,5.841306947617323,70.03967756303055,1.6497384788005696,9922.469277010554,1.6757479976812846,0.0005841306947617323
2024-02-10,1970.767369594893,7949.971531316327,0.8315657005199041,0.8720185238239037,2.9476268033547046,3.0859683662966044,25.453437901233173,46.070481793553455,6.033595169651309,71.52391969478663,1.7035842243438077,9920.73890091122,1.7303760993332986,0.0006033595169651309
2024-02-11,1969.8956017392209,7949.05666810729,0.858410650847095,0.9006293012625933,3.04369336267483,3.1880347679080843,26.20229424725794,46.85466782354046,6.231728130582914,73.05696207079839,1.7590399521096884,9918.95226984651,1.7866310647092405,0.0006231728130582913
2024-02-12,1968.9958203458468,7948.111901800073,0.8860339738291722,0.9301020476312294,3.142622596604014,3.293235773324649,26.97552308372071,47.66476037897193,6.435858369928663,74.64028346269264,1.8161360214604017,9917.10772214592,1.8445477005907094,0.0006435858369928663
2024-02-13,1968.0672175610807,7947.136336431354,0.9144588683891085,0.9604610400614128,3.2444746580866197,3.4016492073745415,27.77384891244413,48.50155332121163,6.646123865461162,76.27540223365577,1.8749199084505213,9915.203553992435,1.904168153485756,0.0006646123865461162
2024-02-14,1967.1089716520064,7946.129056960092,0.9436946091064421,0.9917236269512354,3.349323597034731,3.5133596750368734,28.598010141852953,49.36585973792051,6.862683272071605,77.96386987977345,1.9354182360576775,9913.238028612099,1.9655253803352792,0.0006862683272071605
2024-02-15,1966.1202407630965,7945.0891244584145,0.9737664531164629,1.0239153880426268,3.457227786299992,3.628445823974622,29.44876499748774,50.258514329569536,7.085673610274614,79.70727932705728,1.9976818411590898,9911.209365221512,2.0286633905882496,0.0007085673610274614
2024-02-16,1965.1001701188322,7944.015581256784,1.0046822486295517,1.0570533400926097,3.5682626280248613,3.7469941974521874,30.32688500451398,51.180371205672444,7.315256825477048,81.50725621018643,2.0617355887221613,9909.115751375615,2.0936138458946516,0.0007315256825477048
2024-02-17,1964.047884922675,7942.907445539308,1.0364667805408532,1.0911630287900387,3.6824865787821697,3.869084947788614,31.233161718002663,52.13230648411429,7.5515715265707835,83.36546820211694,2.127629809330892,9906.955330461984,2.16042091363299,0.0007551571526570784
2024-02-18,1962.9624974509697,7941.763716377578,1.0691293042317263,1.1262625187629696,3.7999729306835226,3.9948049285495086,32.1684003141157,53.115216175110874,7.794777859233031,85.28361648922657,2.195391822994696,9904.726213828548,2.2291166334356802,0.0007794777859233031
2024-02-19,1961.8431015677988,7940.583369559823,1.1026906835424848,1.1623755679911145,3.920782897471355,4.124236718554413,33.133424851188025,54.13001815363258,8.045019616025769,87.2634430048206,2.2650662515335993,9902.426471127623,2.2997427009256626,0.0008045019616025769
2024-02-20,1960.6887770346846,7939.365360552195,1.1371645806828494,1.1995226805379429,4.044983930196685,4.257465762294028,34.129074454436704,55.177651004974614,8.302449692490713,89.30672545941133,2.336687261220792,9900.05413758688,2.372333540742858,0.0008302449692490712
2024-02-21,1959.4985882413473,7938.108623463688,1.1725651097489755,1.2377244129352227,4.172641959652474,4.39457759259224,35.15620468925191,56.2590745307864,8.567219552244715,91.41527922003831,2.4102895226841983,9897.607211705035,2.4469258818444075,0.0008567219552244715
2024-02-22,1958.271583588952,7936.812070385072,1.208911916085139,1.2770043501185055,4.303816155597758,4.535655050004313,36.21568833936576,57.37527021480701,8.83947120560207,93.59095855417277,2.4859162662036445,9895.083653974023,2.523557731011252,0.000883947120560207
2024-02-23,1957.0067998543204,7935.474594508064,1.246211667547723,1.317379496350258,4.438576913466959,4.680786153483287,37.3084115646656,58.5272398421041,9.119363066950246,95.8356514067697,2.563591163897981,9892.481394362385,2.6022596116394396,0.0009119363066950246
2024-02-24,1955.7032563534274,7934.095065661755,1.2844884821190903,1.3588756066595282,4.57697560591443,4.8300511181195604,38.43527955853987,59.716007613467305,9.40702672403399,98.15128717200717,2.6433640887786183,9889.798322015182,2.6830723472018576,0.000940702672403399
2024-02-25,1954.3599637652253,7932.672336695442,1.3237448971992287,1.4015077475272655,4.719082767168954,4.9835382380165205,39.597208570407155,60.94261731901556,9.702621005185474,100.53982588942272,2.725252644726494,9887.032300460667,2.766021554514907,0.0009702621005185474
2024-02-26,1952.9759161701195,7931.205237521473,1.3640029998777994,1.4453004766008324,4.864947256562904,5.141326982523384,40.79513357344036,62.20813501940461,10.006274239086288,103.00326859284496,2.8093034764786315,9884.181153691592,2.8511467690752,0.0010006274239086287
2024-02-27,1951.5500993845587,7929.692581108919,1.4052684683221257,1.490270406783382,5.014631393856404,5.3035020553970496,42.03000075326347,63.51364642890112,10.318133449253454,105.54364718216459,2.895538875105508,9881.242680493477,2.9384731981136696,0.0010318133449253454
2024-02-28,1950.0814868831771,7928.133160456134,1.4475538738718334,1.536437159060653,5.168187656812378,5.470144202091703,43.30277158613932,64.86025818271429,10.638331858904081,108.16302976885362,2.9839910329324866,9878.214647339311,3.0280331541666357,0.001063833185890408
2024-02-29,1948.569041883859,7926.525749990351,1.490873305097711,1.5838212445037194,5.325663633844913,5.641331505475442,44.61442117719899,66.24909725967044,10.966995139320355,110.86351843686943,3.07469454960143,9875.09479187421,3.1198554651010113,0.0010966995139320354
2024-03-01,1947.0117214801896,7924.869108614405,1.5352272846764923,1.6324360928156112,5.487116543275254,5.817145798928238,45.96593469185917,67.68130949385115,11.304262342203494,113.64724418571032,3.1676633774921035,9871.880830094595,3.2139617796147206,0.0011304262342203494
2024-03-02,1945.4084707932734,7923.16197533114,1.5806360385155596,1.6823047150713715,5.652580031990949,5.9976584755104625,47.3583131362206,69.15806147827882,11.650238507501411,116.51637461449943,3.262940753586931,9868.570446124413,3.310383970181846,0.0011650238507501412
2024-03-03,1943.7582335780494,7921.403077044602,1.6270944314667757,1.73343743726885,5.8221082457128785,6.182948544062292,48.79256374477162,70.6805369740678,12.005056789775171,119.47310071883942,3.3605318687356256,9865.16131062265,3.4091355017624494,0.0012005056789775172
2024-03-04,1942.0599441206584,7919.591122631537,1.6746167690768388,1.7858536324878391,5.9957312074151865,6.373084379616646,50.2697079028501,72.24993935635999,12.368815587031833,122.51964725921009,3.460470401564678,9861.651066752194,3.510243870456378,0.0012368815587031833
2024-03-05,1940.312535327396,7917.724808874047,1.7232048030361562,1.8395664669990641,6.173485967522523,6.568135786262192,51.79077390204567,73.86748887269181,12.741621753784715,125.65826277473748,3.5627712700352205,9858.037344201442,3.613722550750822,0.0012741621753784714
2024-03-06,1938.5149382358436,7915.802820229849,1.7728569338092361,1.8945867395681222,6.355407082222806,6.768170593405539,53.356797748124855,75.53442243717811,13.123577675628345,128.89122018530296,3.6674436733773583,9854.317758465693,3.7195857357512523,0.0013123577675628346
2024-03-07,1936.666080008124,7913.823827379494,1.8235855813165578,1.9509319072797693,6.541508999042914,6.973246622264859,54.968825411516846,77.25199409096193,13.514755621307772,132.22081950247878,3.7745174885963273,9850.489907387619,3.827851078074218,0.0013514755621307772
2024-03-08,1934.7648939918233,7911.786494794914,1.8753768488883136,2.0086059353073575,6.731825426741011,7.183427955048811,56.62790373254769,79.02147131473072,13.915253381789821,135.6493750472784,3.883982784195671,9846.551388786736,3.9385186008809967,0.001391525338178982
2024-03-09,1932.8103111481928,7909.689474576905,1.9282402659554638,2.0676235684587327,6.926359714712512,7.398764454851786,58.335088871139625,80.84413739978528,14.325124169564297,139.17922627092491,3.9958638344141963,9842.499785725098,4.0516030616395255,0.0014325124169564298
2024-03-10,1930.8012707319986,7907.531414469702,1.9821666744790856,2.1279900722324885,7.125125964246275,7.6193078746691905,60.091436629276416,82.72128758339701,14.744433838915466,142.81272421267343,4.110156746711574,9838.332685201702,4.1671005233970675,0.0014744433838915466
2024-03-11,1928.7367184371758,7905.310956789228,2.037146577660556,2.1897094955316203,7.328130394752039,7.8451047202801325,61.89800459041188,84.65422899496114,15.17323511503217,146.55223358537302,4.2268560731921765,9834.047675226404,4.285009975296873,0.001517323511503217
2024-03-12,1926.6156076849873,7903.02673888951,2.093179961730302,2.252790419805942,7.5353596555181355,8.07619044768387,63.75585269776454,86.6442802429997,15.611550103202006,150.40013294076425,4.345970381536244,9829.642346574497,4.405328651905137,0.0015611550103202007
2024-03-13,1925.3875701470015,7900.958900797672,1.5455863720031504,2.136405510315429,7.429747877492544,8.220261319703356,65.63709560350311,88.68443237230954,15.6500091971959,154.32152797581267,3.681991882318579,9826.346470944674,3.29587562982465,0.00156500091971959
2024-03-14,1924.1934567936323,7898.903761191428,1.3208350330976184,2.083436684100724,7.037632521900248,8.266233152280217,67.44807565137037,90.74656897219047,15.303865674180464,158.19464462356086,3.404271717198342,9823.097217985061,3.2492529596125337,0.0015303865674180465
2024-03-15,1923.0539411942973,7896.886757245683,1.2032286997122723,2.039163513099375,6.5910685905621405,8.26074746569828,69.15176151542882,92.81333177551944,14.851816056260422,161.96509329094826,3.242392212811647,9819.94069843998,3.15651954508067,0.001485181605626042
2024-03-16,1921.9719959254737,7894.916343582087,1.123618263370527,1.9931776819719833,6.159411904329062,8.216733611036485,70.74497390682713,94.87374512490535,14.376145515365547,165.6187190317325,3.1167959453425103,9816.88833950756,3.052358932420219,0.0014376145515365547
2024-03-17,1920.9453683693544,7892.995831968399,1.0595328833755469,1.944606701589671,5.7608369077790975,8.140541859661582,72.23426183949155,96.91901947035109,13.90137876744068,169.15328130984264,3.004139584965218,9813.941200337753,2.9471391698079685,0.001390137876744068
2024-03-18,1919.9705240021265,7891.126778484055,1.0034150870301133,1.8941552374595407,5.397704160752958,8.03730298572378,73.62835675009116,98.94176329276301,13.435007146476739,172.57012004285417,2.897570324489654,9811.097302486181,2.8438978515720237,0.0013435007146476738
2024-03-19,1919.0438321778938,7889.309969533898,0.9525151118459774,1.8425434129425904,5.067769794966164,7.911680115749081,74.93588291529484,100.93580693741168,12.979449910715246,175.87168985270654,2.7950585247885678,9808.353801711792,2.743500774389787,0.0012979449910715246
2024-03-20,1918.1618979970779,7887.545735823477,0.9056657634203757,1.7903150813293014,4.76770558337149,7.767860744430946,76.16473065613091,102.89608835076437,12.535566327802435,179.0608190068953,2.695980844749677,9805.707633820555,2.64616789123707,0.0012535566327802434
2024-03-21,1917.321633130712,7885.834077082963,0.8622428821136798,1.7378751802552126,4.494177695551817,7.609519233150719,77.32194629162314,104.81852850363367,12.103696928702536,182.1404747952568,2.6001180623688924,9803.155710213674,2.5519236068808198,0.0012103696928702536
2024-03-22,1916.5202487857282,7884.174730155949,0.8218282532461822,1.6855361064622165,4.244146256300843,7.439830061645285,78.41377670472538,106.69990367594538,11.68397631794613,185.11368038067076,2.507364359708399,9800.694978941678,2.460731271997048,0.001168397631794613
2024-03-23,1915.7552282470206,7882.567217384163,0.7840970892723242,1.6335457911444489,4.01492201291924,7.261511638385466,79.44575265078846,108.5377251863088,11.276433651304707,187.98347783709727,2.417642880416773,9798.322445631184,2.3725333104934805,0.0011276433651304708
2024-03-24,1915.024296497367,7881.01088429615,0.7487812590299561,1.582106128835004,3.8041478637983617,7.076875745133427,80.42277437980532,110.33013382988385,10.88102360893179,190.75290820968917,2.3308873878649603,9796.035180793517,2.287264837667152,0.001088102360893179
2024-03-25,1914.3253915953503,7879.504934519598,0.7156455382295908,1.5313787740415712,3.609770584505035,6.887885444905277,81.3491922819157,112.07580126145812,10.497656029410312,193.42499354337383,2.247024312271162,9793.830326114949,2.2048546785694043,0.0010497656029410311
2024-03-26,1913.6566392438544,7878.0484552147345,0.6844879740858117,1.4814956995124495,3.42999669756136,6.696196928411287,82.22887608449903,113.77385215734384,10.126193625972647,196.00272824184287,2.1659836735982614,9791.70509445859,2.1252316563584657,0.0010126193625972647
2024-03-27,1913.0163305316748,7876.640441656366,0.6551311707353227,1.4325633060452523,3.2632617058783193,6.503203169511581,83.06527659171212,115.42379186807901,9.7664648753899,198.48906845979113,2.087694476780575,9789.656772188042,2.0483222705478283,0.00097664648753899
2024-03-28,1912.4029025374332,7875.2798186862465,0.6274157974449335,1.3846620130659935,3.1082021655802694,6.310076025870385,83.86147949954224,117.02544327481924,9.418278191450655,200.8869227743615,2.012077810510927,9787.68272122368,1.974050964361453,0.0009418278191450655
2024-03-29,1911.8149213021227,7873.965454513636,0.6012070058592646,1.337859923936362,2.963621259729948,6.1177853724037226,84.6202504322887,118.57890019002545,9.081406632133671,203.19915062231416,1.9390669297956267,9785.780375815759,1.902345407920393,0.0009081406632133671
2024-03-30,1911.2510675225276,7872.696180190763,0.5763778672982952,1.2922003831744586,2.8284782452181245,5.927145214834434,85.34407636495675,120.08447421123073,8.755623460052558,205.4285505761875,1.868578250472754,9783.947247713291,1.8331281024693453,0.0008755623460052558
2024-03-31,1910.7101231941938,7871.470796172261,0.5528242918824495,1.247723168472524,2.7018534603337927,5.73881501233564,86.03519905359074,121.54266564693295,8.440668472669433,207.5778647005237,1.8005474603549736,9782.180919366454,1.7663283468352802,0.0008440668472669433
2024-04-01,1910.1909612563115,7870.288088844897,0.5304450600292143,1.2044460734617566,2.5829475211428967,5.553344419576591,86.69564616251715,122.95412066206703,8.136291940719488,209.64976682458416,1.734891133490971,9780.479050101208,1.701869265246529,0.0008136291940719488
2024-04-02,1909.692535052155,7869.146833341007,0.5091581589710039,1.1623874224734876,2.471050195175474,5.371166768875976,87.32725659369922,124.31961246764583,7.84221696405145,211.64686906134506,1.6715455814444915,9778.83936839316,1.6396817080463961,0.000784221696405145
2024-04-03,1909.2138707531617,7868.0458063950355,0.48888283236079433,1.1215479311850658,2.365542787095066,5.192637113828938,87.93170362738317,125.64000855995236,7.558179900924004,213.57171218733555,1.6104307635458601,9777.259677148197,1.5796912449644083,0.0007558179900924004
2024-04-04,1908.7540591342633,7866.9837876307065,0.46955315554844707,1.0819298965418276,2.265873420665588,5.018024862271561,88.51051428952337,126.91625761048292,7.28389828293715,215.4267719000063,1.5514830520902747,9775.73784676497,1.5218303832282913,0.0007283898282937149
2024-04-05,1908.3122499034168,7865.959568806406,0.45110434332697813,1.0435226488662992,2.171559243025148,4.847542969830161,89.06508651023165,128.1493655748993,7.019102212855309,217.21445208513094,1.4946269921932773,9774.271818709823,1.466028055145813,0.0007019102212855308
2024-04-06,1907.887645329529,7864.9719545377975,0.4334825948788045,1.0063170246876219,2.0821680645331053,4.681342446241784,89.59670401105983,129.3403859912758,6.763510510774889,218.93709000233565,1.4397996195664264,9772.859599867326,1.4122188424974524,0.0006763510510774889
2024-04-07,1907.4794959269375,7864.019768609467,0.41663539369384184,0.9702947546225229,1.9973196417741157,4.519533581005832,90.10654903759523,130.49040305490746,6.516853222779948,220.5969520925027,1.3869301483163647,9771.499264536404,1.3603353309220552,0.0006516853222779948
2024-04-08,1907.0870955216744,7863.101854377007,0.4005183020506751,0.9354388516174122,1.9166723591170405,4.362182409910477,90.5957138171586,131.60052436146844,6.278854769027517,222.19623817862703,1.3359571536680874,9770.188949898682,1.310314637723593,0.0006278854769027517
2024-04-09,1906.7097779249298,7862.217078959577,0.3850881525562452,0.9017260115668567,1.8399238546325587,4.209325994962945,91.06521006788219,132.671869033897,6.049249849595503,223.7370791017792,1.286814164123102,9768.926856884507,1.2620930141751785,0.0006049249849595503
2024-04-10,1906.3468580109907,7861.3643237297665,0.3703630900860817,0.869143983038746,1.7668010779933454,4.060969729388111,91.51597782093073,133.70556255780946,5.827770807381456,225.2215403787402,1.2395070731248277,9767.711181740757,1.2156751437486832,0.0005827770807381456
2024-04-11,1905.7905955029432,7860.503590366377,0.4877209333729432,0.8628142731058714,1.7664345889280006,3.9297335682763883,91.95524897475664,134.70386179224346,5.696168157204389,226.6591107670001,1.3505352064788148,9766.29418586932,1.416995871436825,0.0005696168157204389
2024-04-12,1905.228006986569,7859.655790156398,0.5357423413316826,0.852931570915534,1.831856948637386,3.819171522035542,92.40439372346297,135.67210675065206,5.651028470672928,228.07650047411505,1.3886739122472167,9764.883797142968,1.410388726351897,0.0005651028470672929
2024-04-13,1904.6494118510898,7858.812962051802,0.563761749374173,0.846407364149063,1.9143108552084027,3.7257582719425093,92.87251554432876,136.61487231210907,5.6400691271509125,229.48738785643783,1.410169113523236,9763.462373902892,1.4214232400767912,0.0005640069127150913
2024-04-14,1904.0521415676362,7857.971285085971,0.5859384674422747,0.8434339065546079,2.0001148982102284,3.648913209415924,93.36180506671232,137.53636779805973,5.649028107626153,230.89817286477205,1.4293723739968827,9762.023426653608,1.4389472492830748,0.0005649028107626153
2024-04-15,1903.4354714937624,7857.128119136259,0.6063774862201055,0.8434035712214314,2.0856103815435643,3.5878336926552303,93.87254063847512,138.4406435998663,5.673444074198795,232.31318423834142,1.4497810574415368,9760.563590630021,1.4598360235866892,0.0005673444074198794
2024-04-16,1902.7991935313532,7856.2812492696885,0.626297142796584,0.8458415644800986,2.1699935431545234,3.5414035348430053,94.40451578269678,139.33150563098957,5.711397077997528,233.73602141368633,1.4721387072766827,9759.080442801041,1.4831478289787867,0.0005711397077997529
2024-04-17,1902.143214637951,7855.428687386387,0.6460827548867665,0.8504347252537274,2.2532587624674885,3.508412712776829,94.95744384469582,140.2124651755843,5.761671475244317,235.1699090202801,1.496517480140494,9757.571902024338,1.5085407767043648,0.0005761671475244317
2024-04-18,1901.4674458902493,7854.568612376282,0.6658760873017225,0.8569641118167168,2.3356091626363167,3.4876894642403653,95.53106885981363,141.08673404766267,5.8232986268766815,236.6178029074763,1.5228401991184395,9756.03605826653,1.5358437578065036,0.0005823298626876682
2024-04-19,1900.771773553849,7853.699344274418,0.6857456126526281,0.865260899018717,2.417288411364414,3.4781529704957825,96.12519242213494,141.95724185606898,5.895441381860197,238.08243427820392,1.551006511671345,9754.471117828267,1.5649404382640455,0.0005895441381860197
2024-04-20,1900.0560530471637,7852.819326940348,0.7057370826596927,0.8751854279225263,2.4985329759304884,3.4788264093877106,96.73967689424714,142.8266612223432,5.9773593853181985,239.56633811659034,1.5809225105822189,9752.875379987512,1.5957378407553051,0.0005977359385318198
2024-04-21,1899.3201102703424,7851.92711502447,0.7258833247074558,0.8866171360315307,2.579565088453789,3.4888350795847622,97.37444131649748,143.69743275991465,6.068400168038551,241.07187407641214,1.6125004607389863,9751.247225294814,1.6281546926989279,0.0006068400168038551
2024-04-22,1898.5637419487907,7851.021359633745,0.746218442765414,0.8994512607680581,2.66058145971933,3.5073976842687986,98.0294581487257,144.57179142121896,6.167979143988129,242.60124956994466,1.6456697035334722,9749.585101582536,1.6621237122765535,0.0006167979143988128
2024-04-23,1897.7867204487784,7850.100800078929,0.7667657070128543,0.91359367688272,2.7417675586915125,3.533819871773851,98.70474628551818,145.45178637241565,6.275587430465364,244.15653265793384,1.6803593838955742,9747.887520527707,1.6975810548285324,0.0006275587430465364
2024-04-24,1896.9887929881816,7849.164250558391,0.7875547046514927,0.9289637593757312,2.823283039090518,3.5674813354163235,99.40036926807737,146.33930434681793,6.390764374506841,245.7396736148953,1.716518464027224,9746.153043546572,1.7344769811346055,0.0006390764374506841
2024-04-25,1896.169687199133,7848.210595126042,0.8086031759918905,0.9454869268059127,2.905281495896224,3.6078335085458666,100.11642812897996,147.23608443860792,6.51311500444209,247.3525125675879,1.7540901027978033,9744.380282325175,1.7727612213984116,0.000651311500444209
2024-04-26,1895.3291094197616,7847.238776044793,0.8299361680068922,0.9631006872954782,2.9878934405129427,3.6543857798679777,100.85306097171957,148.14373748804545,6.642279220380921,248.99679845976502,1.7930368553023703,9742.567885464554,1.8123968606205096,0.0006642279220380921
2024-04-27,1894.4667498557678,7846.247790212308,0.8515685382314131,0.9817465785905419,3.0712450458056804,3.7067053869454454,101.61043656019599,149.063757822157,6.777950432751126,250.674194382353,1.833315116821955,9740.714540068077,1.8533453964777777,0.0006777950432751126
2024-04-28,1893.5822812327988,7845.236680068787,0.8735201459645084,1.0013756085259178,3.1554445979447316,3.7644059536951042,102.388754023293,149.99753836899376,6.919850551639836,252.38629239228675,1.8748957544904261,9738.818961301586,1.895578766490928,0.0006919850551639836
2024-04-29,1892.6753624755718,7844.204530132233,0.8958047120698163,1.021942814837589,3.240594693645813,3.827146366705772,103.18823811871361,150.9463806862247,7.067741060351585,254.13461880493833,1.9177475269074054,9736.879892607805,1.9390686937803139,0.0007067741060351585
2024-04-30,1891.745638674615,7843.150460819906,0.9184368777397803,1.043409329213572,3.3267863760575986,3.8946237234870473,104.00913807158841,151.911506127395,7.221410099544646,255.9206441989834,1.9618462069533522,9734.896099494521,1.9837931132840936,0.0007221410099544646
2024-05-01,1890.7927427544817,7842.07362443722,0.9414301707358058,1.065741338581428,3.4141021041762993,3.9665694184446485,104.85172497060697,152.89406480575593,7.380671522620948,257.7457897763629,2.0071715093172338,9732.866367191702,2.0297323028196956,0.0007380671522620948
2024-05-02,1889.816297233134,7840.9732018658515,0.9647940518305631,1.0889074799878884,3.5026195207874147,4.042747264883527,105.71628919424889,153.89514338927887,7.545366785670941,259.61143258352774,2.0537015318184517,9730.789499098986,2.0768680927160403,0.0007545366785670941
2024-05-03,1888.815913578157,7839.848397627833,0.9885425801329728,1.1128831582193128,3.592403640125136,4.122945838612154,106.60314020158572,154.9157733753369,7.71534947873729,261.5189135769226,2.101425738352286,9728.66431120599,2.1251878929950294,0.000771534947873729
2024-05-04,1887.7911961114614,7838.6984393552775,1.0126800913905438,1.137642439597786,3.683521666187414,4.206982172283275,107.51260213096145,155.95693603284275,7.890503838470689,263.4695381638042,2.15032253098833,9726.48963546674,2.174675739251029,0.000789050383847069
2024-05-05,1886.7417388649208,7837.522571680129,1.0372215818423116,1.1631682969800479,3.7760234039979093,4.294689778604544,108.44501614923995,157.01957024428805,8.070713182602454,265.464586393528,2.2003898788223593,9724.26431054505,2.225324921689605,0.0008070713182602453
2024-05-06,1885.667131768691,7836.320058300538,1.0621666391674878,1.1894387320617683,3.8699675661588877,4.385927891525803,109.40073402598358,158.10457507587577,8.25589545768469,267.5053091018593,2.251605371229256,9721.987190069229,2.2771204758204817,0.0008255895457684691
2024-05-07,1884.5669551456067,7835.090174724927,1.0875309446098274,1.216442654218057,3.965391014298028,4.480565346400065,110.38012289548645,159.212817274457,8.445956360698094,269.59294016994346,2.303973598827884,9719.657129870535,2.330060198696117,0.0008445956360698094
2024-05-08,1883.4407878282077,7833.832212427796,1.1133104246867096,1.2441612073165118,4.062344652004783,4.578494338945384,111.38355709510174,160.34513202594462,8.640838990950167,271.7286891210464,2.3574716320032216,9717.273000256004,2.384129614530366,0.0008640838990950167
2024-05-09,1882.2882000730672,7832.545470984432,1.1395201320634272,1.2725873401405263,4.160855215825493,4.679611743311787,112.4114245790448,161.5023299321182,8.84046695913728,273.913754511163,2.4121074722039535,9714.833671057499,2.439329198504481,0.0008840466959137281
2024-05-10,1881.1087624441395,7831.229263241279,1.1661544689011865,1.3017053521933541,4.2609649878788565,4.783834688044465,113.46411809908122,162.68519671848452,9.044799675923322,276.1493148175657,2.4678598210945406,9712.338025685418,2.4956453720793093,0.0009044799675923322
2024-05-11,1879.9020388114823,7829.882908061388,1.193225391936669,1.3315099732358533,4.362694140607687,4.891082781739834,114.54204165597406,163.894499183638,9.25377692234752,278.43654083961206,2.524735365172522,9709.784946872871,2.553078812548506,0.000925377692234752
2024-05-12,1878.66759400282,7828.50573484,1.2207286025158468,1.3619892212673226,4.466074473831568,5.001291103238382,115.64560292083333,165.13098483549584,9.46736557706995,280.77658775632915,2.5827178237831694,9707.173328842819,2.611618030050181,0.0009467365577069951
2024-05-13,1877.4049890675813,7827.097078473423,1.2486704751868305,1.3931375448131622,4.571122853190305,5.114397853422482,116.77521760404224,166.39538612834284,9.685520706612788,283.1706037323851,2.641808019999993,9704.502067541003,2.671261301815605,0.0009685520706612788
2024-05-14,1876.1137856587109,7825.656281571974,1.2770502932167564,1.4249471074068052,4.677858975273304,5.230350399453089,117.9313050727998,167.68842092116608,9.908209374726393,285.61972599396586,2.7019974006235614,9701.770067230686,2.7320003103179715,0.0009908209374726393
2024-05-15,1874.7935453782352,7824.182692965581,1.3058670664570284,1.457410532984926,4.786298698193674,5.349102009841668,119.11428885711483,169.01079449159312,10.135400708035341,288.12508334870796,2.7632775994419543,9698.976238343816,2.7938288868693917,0.001013540070803534
2024-05-16,1873.4438294588795,7822.675666485657,1.3351248771911988,1.4905241343064124,4.896448814583334,5.470607992635352,120.32459684934668,170.36320138740234,10.367056807218685,290.687798236749,2.825649011497611,9696.119495944537,2.856742399280108,0.0010367056807218684
2024-05-17,1872.0642031459852,7821.134563642359,1.3648149909650271,1.524278012741331,5.008324871689443,5.594833289600507,121.5626569913609,171.7463250552993,10.60315816128995,293.3089820466602,2.889093003706358,9693.198766788344,2.9207291561912143,0.0010603158161289952
2024-05-18,1870.6542304158045,7819.558748776364,1.3949456172841757,1.5586717567062505,5.121921645102324,5.721738298005823,122.8289023218098,173.16084116892367,10.843659943108147,295.9897434907335,2.953617373990426,9690.212979192169,2.9857875961754985,0.0010843659943108148
2024-05-19,1869.2134828105263,7817.947595362762,1.4255022539852957,1.5936935622031558,5.237252558238144,5.8512958055926,124.12376237725093,174.60741526944312,11.088548363830744,298.73117764669405,3.019195816188452,9687.161078173289,3.0519010188812103,0.0011088548363830744
2024-05-20,1867.7415308766638,7816.300478841478,1.4564936179020556,1.6293439729204706,5.354304038712871,5.983470262783638,125.4476714667221,176.08670692281765,11.337774301496509,301.53437838953977,3.085837590822526,9684.042009718141,3.119068455145566,0.001133777430149651
2024-05-21,1866.2379545889228,7814.616784263035,1.4879043206604674,1.6656114602488663,5.473082550305833,6.118237703805038,126.80105854011187,177.59936657291163,11.59132025411087,304.4004251130235,3.1535157809093337,9680.854738851958,3.1872708661849174,0.001159132025411087
2024-05-22,1864.7023354506964,7812.895899838083,1.5197376391564619,1.7024941089421888,5.593572044515107,6.25556697995381,128.18435486563294,179.14603907302137,11.849139024468917,307.3303939386543,3.2222317480986504,9677.59823528878,3.2565035631781143,0.0011849139024468916
2024-05-23,1863.1342639284999,7811.13722235238,1.5519830467187403,1.739983291537999,5.715766219355999,6.395432844310711,129.5979868054262,180.72736151177085,12.11119906366671,310.32534831719704,3.2919663382567395,9674.27148628088,3.326749007898627,0.001211119906366671
2024-05-24,1861.5333366843079,7809.340154856065,1.5846338506920172,1.778072066216778,5.839650930822424,6.5378085470390035,131.04237853417848,182.34396453067947,12.377459477861429,313.38634306485795,3.362705916908795,9670.873491540373,3.39799474050767,0.001237745947786143
2024-05-25,1859.8991574424451,7807.504107086881,1.617687216402716,1.8167558230032137,5.965204124709585,6.682664659908661,132.51795121644338,183.99647243020698,12.647868784618247,316.51442364665036,3.43444303940593,9667.403264529326,3.470227011046404,0.0012647868784618247
2024-05-26,1858.2313416100483,7805.628498989495,1.6511255610175815,1.8560219499706856,6.092414291014625,6.829977510507078,134.0251185379204,185.68550155002777,12.922391801521702,319.7106200879482,3.507147510988267,9663.859840599544,3.5434239297836143,0.0012922391801521702
2024-05-27,1856.5295099496725,7803.712755683902,1.684952159400821,1.8958687239007859,6.221244973100161,6.979712756764091,135.56429291782752,187.41166283543393,13.200957729864252,322.9759557532615,3.580820883301607,9660.242265633575,3.6175749659691405,0.0013200957729864252
2024-05-28,1854.7932992600531,7801.756315736083,1.7191428456260152,1.93627995475366,6.351682778157276,7.131846430751161,137.1358751161644,189.1755578784133,13.483529208908436,326.3114329945777,3.655422800379675,9656.549614996136,3.6926506374384758,0.0013483529208908435
2024-05-29,1853.0223524596827,7799.75862348201,1.7536994327286008,1.9772526147992597,6.483684128788212,7.2863413375642585,138.7402639788015,190.97778256562736,13.770025466352472,329.71804654442883,3.7309520475278606,9652.780975941692,3.7686390544433834,0.0013770025466352473
2024-05-30,1851.21632954918,7797.719137538866,1.788600187739584,2.0187714443453846,6.617224514562029,7.443168026411434,140.37784574851912,192.81892299037872,14.060392540973464,333.19676873889784,3.8073716320849686,9648.935467088046,3.845508853647118,0.0014060392540973464
2024-05-31,1849.3749011005916,7795.637325899853,1.8238365540463666,2.0608273689314602,6.752261847005545,7.602289128899785,142.04900049835743,194.69955760231713,14.35455097590533,336.7485581006746,3.884663922977827,9645.012227000445,3.923240087601471,0.0014354550975905329
2024-06-01,1847.4977526338002,7793.512669370955,1.8593963168276153,2.103409467387978,6.88875316883863,7.763665651143172,143.7540978805343,196.62025551051508,14.6524188199818,340.37435339104934,3.9628057842155933,9641.010422004756,4.001804995688985,0.0014652418819981802
2024-06-02,1845.5845869279094,7791.344663595755,1.895256811484086,2.146500637795894,7.026661352576071,7.927260546475314,145.49349490803132,198.58157521997492,14.953921899051386,344.07507012800625,4.04175744927998,9636.929250523664,4.081171481090848,0.0014953921899051386
2024-06-03,1843.6351189125867,7789.132815199145,1.931415113874741,2.1900939091125404,7.165924957095802,8.093024565436345,147.26754101644354,200.58406632630778,15.258949522532147,347.8516073427513,4.121509022987281,9632.767934111731,4.161316411933171,0.0015258949522532147
2024-06-04,1841.6490865255691,7786.8766504841615,1.9678390631680376,2.2341665215813307,7.306506987349781,8.260917953305947,149.07656742391399,202.62826504095224,15.567424940655728,351.70483246486623,4.202005584749369,9628.525737009732,4.242197102000546,0.0015567424940655728
2024-06-05,1839.6262399596585,7784.575707296253,2.004525454653733,2.2787102440872324,7.448336826139353,8.430884675411463,150.92089775954923,204.7146977842492,15.879221501550816,355.63559554379844,4.283235698740965,9624.201947255911,4.3237897538189145,0.0015879221501550816
2024-06-06,1837.5663538116466,7782.229544716866,2.041444739381267,2.323702874888473,7.59136533569042,8.602876141405936,152.80083611328251,206.84387626684122,16.194241477096355,359.64471238012374,4.36514761426974,9619.795898528513,4.406048727399593,0.0016194241477096355
2024-06-07,1835.469219956903,7779.837737868671,2.078581252468869,2.36912852637123,7.735524690335061,8.776834080227662,154.7166741002938,209.01629952473135,16.512358770562724,363.7329736250251,4.4477097788401,9615.306957825575,4.488940702938123,0.0016512358770562725
2024-06-08,1833.3346517004065,7777.399881384209,2.1159176454481834,2.4149703111953924,7.880743880719204,8.952696322487482,156.668686773427,211.23245198211026,16.833440203206685,367.90113875553726,4.530887956643576,9610.734533084615,4.572424740959548,0.0016833440203206686
2024-06-09,1831.1624874135268,7774.915592673499,2.153421649633089,2.461202569782577,8.026961894173642,9.130403394966537,158.65712904266746,213.492801361753,17.15736528914018,372.1499304044205,4.614624219415665,9606.078080087027,4.656452997588872,0.001715736528914018
2024-06-10,1828.9525834557244,7772.384506683372,2.191086285134307,2.5078125173738157,8.174087574060328,9.309879953893958,160.68224268508195,215.79780084536156,17.483967527954285,376.4800435304435,4.698898802508123,9601.337090139095,4.740989947929506,0.0017483967527954284
2024-06-11,1826.7048270220525,7769.806286372974,2.228870784582775,2.554768996702722,8.322058589556192,9.491061087253327,162.7442436038096,218.1478835430714,17.81311967680952,380.89212714688097,4.783639781285497,9596.511113395027,4.82597674407009,0.0017813119676809521
2024-06-12,1824.4191243400437,7767.180613881042,2.2667642159271093,2.602055656376738,8.470777915629263,9.673864224432469,164.84333352840096,220.5434662381503,18.144642140061734,385.38679976655123,4.868819872303847,9591.599738221084,4.911375173940883,0.0018144642140061735
2024-06-13,1822.0954120767142,7764.507199842927,2.3047334734290605,2.6496442295191573,8.62016580014069,9.858211448798468,166.97968864971722,222.9849444787564,18.478377248939157,389.9646331284736,4.954377702948218,9586.602611919641,4.997126301444155,0.0018478377248939157
2024-06-14,1819.7336527822058,7761.785780345382,2.3427506491946923,2.6975080208446722,8.770132447751667,10.044018225021322,169.1534641208488,225.47269340875337,18.81415067277299,394.6261575296022,5.040258670039364,9581.519433127587,5.083178792053559,0.001881415067277299
2024-06-15,1817.3338348237066,7759.0161172386415,2.380798085931934,2.7456254884236313,8.920573022573489,10.231190068807226,171.36479406778915,228.00706720412873,19.151763091380715,399.37186127191785,5.126423574355565,9576.349952062348,5.169481065239552,0.0019151763091380715
2024-06-16,1814.8959807126212,7756.198005258729,2.4188312297941508,2.793959890697659,9.071404830943237,10.41963987623326,173.6137832266427,230.5883949743414,19.4910447071765,404.2021782009841,5.21279112049181,9571.09398597135,5.2559660909982995,0.0019491044707176499
2024-06-17,1812.4201358755013,7753.331263619902,2.4568392157782277,2.8424916274297667,9.222506831537787,10.609260433011647,175.90051807718388,233.2169843196574,19.831767264549434,409.11750239684125,5.299330843207994,9565.751399495402,5.342586475946291,0.001983176726454943
2024-06-18,1809.9063832692977,7750.415748064778,2.4947759999715635,2.891181961253119,9.373788590764036,10.799955053453827,178.225052139968,235.89311492051544,20.173743644217865,414.1181670604834,5.385957961224682,9560.322131334076,5.429268161327286,0.0020173743644217863
2024-06-19,1807.354832542137,7747.451342872161,2.532618705680941,2.9400032821458186,9.525132028417977,10.991612092834286,180.5874167237653,238.61704175285885,20.516744121252263,419.20445847662415,5.472621987826759,9554.806175414298,5.515955919777184,0.002051674412125226
2024-06-20,1804.7656269784586,7744.437966802427,2.5703368031288707,2.988923705934907,9.676422379566082,11.184117774448156,182.98761383884755,241.38899171719117,20.860540154014238,424.3766055560387,5.559260509063778,9549.203593780885,5.6025816334135925,0.002086054015401424
2024-06-21,1802.1389452641674,7741.375575156864,2.607886924551854,3.0379032875498218,9.827553516676257,11.377359665984292,185.42561429460568,244.20916188960254,21.204913182660547,429.63477618420825,5.645790212101676,9543.514520421031,5.689073359853694,0.002120491318266055
2024-06-22,1799.4749940493919,7738.264154332386,2.645253765812548,3.0869166199496165,9.978387169733475,11.571207362796759,187.90136501506322,247.07772168486827,21.549594532530236,434.9790866999315,5.732170385762164,9537.739148381777,5.775372039253455,0.0021549594532530238
2024-06-23,1796.7740218670099,7735.103733527915,2.6823834205480774,3.1359168808990128,10.128819845437503,11.765543150516518,190.4147748670055,249.9948064406699,21.89436299595402,440.40958130767535,5.81830030144709,9531.877755394926,5.861392986852536,0.0021894362995954018
2024-06-24,1794.0363050487756,7731.8943740922705,2.7192572253777,3.18487512983339,10.278709063393553,11.960228761402869,192.96572866245415,252.96052201649402,22.238937824796423,445.9262506789482,5.90413235521109,9525.930679141045,5.9470762538792314,0.0022238937824796425
2024-06-25,1791.2621601431717,7728.636179965674,2.7558320417211357,3.2337490610896893,10.427933393106604,12.155131853085555,195.55407442200166,255.9749391201513,22.58306524619216,451.52901354215294,5.989581102810825,9519.898340108846,6.032339032200241,0.002258306524619216
2024-06-26,1788.4519385946621,7725.3292941171085,2.792069507999115,3.2824976338648097,10.576363362880713,12.350113942327969,198.17962853445923,259.0380943067,22.92647730520868,457.21772284115923,6.074567141863925,9513.78123271177,6.117107397075927,0.0022926477305208683
2024-06-27,1785.606025117558,7721.973897711016,2.827946425926186,3.3310877937750405,10.72385130077085,12.545024570340937,200.8421771557461,262.1499899248679,23.26887587111179,462.99216708061397,6.159034219701226,9507.579922828574,6.201309883195165,0.002326887587111179
2024-06-28,1782.7248475648046,7718.570218736192,2.8634067902868727,3.3794677503157096,10.870279686212317,12.73972441581949,203.54146595869742,265.31058909767313,23.61000410203181,468.85205505637055,6.242874540602582,9501.295066300996,6.284856527577915,0.0023610004102031807
2024-06-29,1779.808862751486,7715.118521127319,2.8984348921617413,3.4276068661690444,11.015488118757782,12.93405141339512,206.27721423759567,268.5198205931174,23.9495395321529,474.7970348307131,6.326041758330786,9494.927383878805,6.36768242219182,0.00239495395321529
2024-06-30,1776.8591181826987,7711.6192766624445,2.9324294646619102,3.475294151533944,11.159354116877802,13.127857719299593,209.0490982357626,271.7775714667221,24.287211836177395,480.82666970248476,6.407723616195854,9488.478394845144,6.448989033661292,0.0024287211836177395
2024-07-01,1775.1574331277398,7708.46107785261,2.152567617892255,3.273773348051408,10.872523529379876,13.19304160617111,211.8174757249891,275.0721071931669,24.065565135550987,486.889582918156,5.4263409659436626,9483.61851098035,4.859883864792607,0.002406556513555099
2024-07-02,1773.519002218004,7705.354933364834,1.8232620988084673,3.163855454495459,10.202611331343839,13.118310175660906,214.4551243518446,278.3629010050085,23.320921507004744,492.8180253568531,4.987117553303927,9478.873935582838,4.744575397511198,0.0023320921507004743
2024-07-03,1771.9690897235234,7702.334387646535,1.6457251032482065,3.0684557119952554,9.471006691615798,12.971775851438325,216.91417848161325,281.6253807900315,22.442782543054122,498.53955927164475,4.714180815243462,9474.303477370058,4.5704582127805224,0.0022442782543054124
2024-07-04,1770.5097800086903,7699.4094550623295,1.5232872135943993,2.9726657344408434,8.77330927643687,12.773391164655022,219.1936235012793,284.84448803857543,21.546700441091893,504.03811153985475,4.495952948035242,9469.91923507102,4.384242299039556,0.0021546700441091894
2024-07-05,1769.1365443266216,7696.583010888287,1.4241345948809667,2.875107347806603,8.133602978152341,12.533278453891993,221.3057181003459,288.0086033100146,20.666881432044335,509.31432141036055,4.299241942687569,9465.71955521491,4.199679856110492,0.0020666881432044337
2024-07-06,1767.8433434398153,7693.855495444452,1.3373856422623356,2.7766943588412043,7.553836157650192,12.259487195255986,223.265434760273,291.1083230014521,19.813323352906178,514.3737577617251,4.11408000110354,9461.698838884267,4.020716330642358,0.001981332335290618
2024-07-07,1766.6241595787906,7691.226304934346,1.2589868327574731,2.678386542108895,7.029587894048342,11.959169773109577,225.0872656944043,294.1361387504359,18.98875766715792,519.2234044448402,3.937373374866368,9457.850464513136,3.848374371129694,0.001898875766715792
2024-07-08,1765.4734166692813,7688.694244522986,1.1871575090547457,2.5808972068735607,6.55505464080436,11.63863292400862,226.78437118086023,297.0862253461328,18.19368756481298,523.870596526993,3.768054715928306,9454.167661192267,3.68280332086988,0.001819368756481298
2024-07-09,1764.3860575972353,7686.257711124632,1.120914729868482,2.484740309857048,6.124565777696013,11.303322353725179,228.36846189520077,299.9542262117865,17.42788813142119,528.3226881069872,3.60565503972553,9450.643768721868,3.5238924703995735,0.001742788813142119
2024-07-10,1763.3575212490264,7683.914794109181,1.059586001925468,2.390295045005041,5.7329969651514725,10.957868069126457,229.84989578389735,302.73704277668855,16.69086503427793,532.5869385605858,3.449881046930509,9447.272315358206,3.3714533636604074,0.0016690865034277931
2024-07-11,1762.383694146003,7681.663345705027,1.002644711831767,2.297848388356473,5.375835135407551,10.606164662495082,231.2378260067583,305.43264124412156,15.981999797902635,536.6704672508798,3.30049310018824,9444.04703985103,3.2252755071763204,0.0015981999797902635
2024-07-12,1761.460859259347,7679.501038615777,0.9496461955941865,2.207615657569945,5.049143350275793,10.25146813214264,232.5403511947836,308.0398775945105,15.300611482418434,540.5802287892941,3.1572618531641314,9440.961897875124,3.0851419759060263,0.0015300611482418434
2024-07-13,1760.5856490536935,7677.425410552403,0.9002098599016665,2.1197591622547187,4.749491115316783,9.896478619207567,233.76464997108886,310.5583516661343,14.64596973452435,544.3230016372231,3.0199690221563853,9438.011059606097,2.9508382690271446,0.001464596973452435
2024-07-14,1759.755003974751,7675.433902918952,0.8540054621645327,2.0344002968298716,4.473890665242232,9.543417719554245,234.91709989784295,312.98827906466306,14.017308384796477,547.905378962506,2.8884057589944043,9435.188906893703,2.8221527123930628,0.0014017308384796478
2024-07-15,1758.966136222351,7673.52389685152,0.8107353414103933,1.9516151487081794,4.219745949284601,9.194112980971086,236.00338248695482,315.33037501880096,13.413858930255687,551.3337575057558,2.762350490118573,9432.490033073871,2.698873819833125,0.0013413858930255687
2024-07-16,1758.2164979240563,7671.69273424471,0.7701466696926752,1.8714607705647435,3.9847847143199577,8.850033524982047,237.02857069193186,317.5857714597434,12.834818239302004,554.6143421516753,2.6416074402574186,9429.909232168766,2.5808009051046383,0.0012834818239302005
2024-07-17,1757.5037542170257,7669.93774616822,0.7320086009317154,1.7939604293968239,3.767029233359275,8.512365992942007,237.99720794868392,319.7559274094409,12.279395226301283,557.7531353581248,2.525969030328539,9427.441500385245,2.46773178351998,0.0012279395226301284
2024-07-18,1756.8257591279075,7668.256268092119,0.6961189556086974,1.7191193854298614,3.5647476218437535,8.182045352689185,238.91337429464056,321.8425671697608,11.746792974532939,560.7559414644013,2.4152383410385587,9425.082027220027,2.359473165218219,0.0011746792974532939
2024-07-19,1756.180534948936,7666.645655206572,0.6623003284128387,1.646929254273746,3.3764206308155944,7.8597923773835685,239.78074409183634,323.8476231617704,11.236213008199163,563.6283672536067,2.3092295826865845,9422.826190155509,2.2558370645195964,0.0011236213008199163
2024-07-20,1755.5662545775774,7665.103297914961,0.6303883182043718,1.5773587133437164,3.2007205657126376,7.546160795264666,240.6026365385062,325.7731825764296,10.746881360977303,566.3758191149358,2.207747031548088,9420.669552492538,2.1566376629687056,0.0010746881360977304
2024-07-21,1754.9812251439575,7663.6266268413665,0.6002441818001121,1.5103768870409593,3.0364724168924377,7.241541414807001,241.38205825735054,327.6214548567846,10.27801383169944,569.0035131141351,2.1106210688410716,9418.607851985324,2.061700507214482,0.001027801383169944
2024-07-22,1754.423875193204,7662.213126569804,0.5717353107404265,1.4459317519272004,2.8826483241080325,6.946213381986617,242.12174117194814,329.3947282962804,9.82886170609465,571.5164694682285,2.017667062667627,9416.637001763009,1.9708502223151072,0.000982886170609465
2024-07-23,1753.8927418529634,7660.860336785908,0.5447491160825064,1.383973883159278,2.738334400997006,6.6603398205063025,242.82417462995772,331.0953495104264,9.398674221503308,573.919524140384,1.9287229992417845,9414.75307863887,1.8839231241383914,0.0009398674221503308
2024-07-24,1753.3864610151873,7659.565860922512,0.5191797155533293,1.324441751368579,2.602725678024762,6.384003812817869,243.49163359123534,332.72569351330054,8.986729490842631,576.2173271045359,1.8436214669219082,9412.952321937699,1.8007567011712808,0.0008986729490842631
2024-07-25,1752.9037577051613,7658.327367672063,0.49493302442818304,1.2672719984388592,2.4751062221274736,6.117213296529547,244.12620304828351,334.2881470329685,8.592319518657021,578.414350081252,1.7622050228670423,9411.231125377224,1.7211965604756188,0.0008592319518657022
2024-07-26,1752.4434380710886,7657.14259394573,0.4719243481016121,1.2123993833155295,2.3548384206861077,5.859915174552613,244.72979916012434,335.78509149640115,8.21475359523872,580.5148906565255,1.6843237314171415,9409.58603201682,1.6450933604053262,0.000821475359523872
2024-07-27,1752.0043824530303,7656.009347672268,0.45007390203220715,1.1597519564834,2.241356031914785,5.612012534059339,245.30418761302337,337.21888783718884,7.853368565974124,582.5230754502122,1.609825858515607,9408.013730125298,1.572301891520624,0.0007853368565974124
2024-07-28,1751.5855385423795,7654.925506521967,0.42931306226134236,1.1092634007384845,2.134148466243701,5.37336121598191,245.85099992911606,338.59186886131204,7.507509682225611,584.4428687904281,1.5385764629998269,9406.511045064346,1.502685060951535,0.000750750968222561
2024-07-29,1751.1858777934751,7653.889015033742,0.40961294833715095,1.0608648442925255,2.0327622906554716,5.1437940521457355,246.37174696753263,339.90632606982086,7.176556342801208,586.2780730373535,1.4704777926296764,9405.074892827217,1.436152237130841,0.0007176556342801207
2024-07-30,1750.588837903558,7652.860252623139,0.5275677867949138,1.03882261777572,2.009125412708765,4.935322957947446,246.8744688969386,341.1656018011387,6.944448370656211,588.0400706980772,1.5663904045706338,9403.449090526698,1.6258023005196947,0.0006944448370656211
2024-07-31,1749.9929294741319,7651.858304959907,0.5710621707600178,1.0144175037619583,2.05426716341282,4.751296689003678,247.3817411916955,342.37598084732707,6.805563852416498,589.7577220390226,1.585479674521976,9401.85123443404,1.5978560926570253,0.0006805563852416498
2024-08-01,1749.3889680387886,7650.874732058277,0.5923659727534807,0.9940961905785561,2.1157860285550676,4.588182347869162,247.90287995990312,343.54298940327567,6.703968376424229,591.4458693631788,1.5864621633320368,9400.263700097066,1.5875343369739312,0.000670396837642423
2024-08-02,1748.7747191672972,7649.905458668438,0.6067475215217194,0.9777449141340189,2.1787999156606355,4.445057063929633,248.43973339552053,344.67173935349905,6.623856979590268,593.1114727490196,1.5844924356557382,9398.680177835735,1.5835222613306996,0.0006623856979590269
2024-08-03,1748.1499039583332,7648.947717918213,0.6187114785214086,0.9645659558175746,2.2393198072021483,4.320638358301716,248.99206475594323,345.7670777676688,6.559958165503865,594.759142523612,1.5832774343389833,9397.097621876546,1.5825559591891079,0.0006559958165503865
2024-08-04,1747.5147666524815,7647.999253522906,0.6296202085182474,0.9539619592539306,2.296500176722428,4.213302287381225,249.55911296227777,346.8334822304603,6.509802464103653,596.3925951927381,1.583582167772178,9395.514020175387,1.5836017011590684,0.0006509802464103653
2024-08-05,1746.8696667126135,7647.058103161222,0.6399116983069252,0.9455329173816632,2.350382079788256,4.121353022765284,250.1400395092914,347.87501089863235,6.47173510255354,598.0150504079238,1.5854446156885884,9393.927769873835,1.5862503015520133,0.0006471735102553539
2024-08-06,1746.2149648463123,7646.122528570155,0.649749098888915,0.9389922596982269,2.4012345990832538,4.043173327065346,250.73405145571564,348.8953058430826,6.4444079261486,599.6293572987983,1.588741358587142,9392.337493416468,1.590276457368077,0.00064444079261486
2024-08-07,1745.5509937571237,7645.19098294905,0.6592109438928283,0.9341147516752275,2.4493653552859054,3.9772811698966875,251.34042994369773,349.8976211293791,6.426646525182592,601.2380510730768,1.5933256955680557,9390.741976706173,1.5955167102935093,0.0006426646525182592
2024-08-08,1744.87805290567,7644.262088413569,0.6683475734510873,0.9307116164893399,2.4950677010282574,3.9223410485040975,251.95853181985058,350.884858921439,6.417408749532354,602.8433907412896,1.5990591899404272,9389.140141319238,1.6018353869349085,0.0006417408749532354
2024-08-09,1744.1964101772019,7643.334618242134,0.6771955544487326,0.9286194782550091,2.538610357508737,3.8771579150898368,252.58778391084076,351.8596043645218,6.415768272598574,604.4473882753625,1.6058150327037417,9387.531028419337,1.6091128999024704,0.0006415768272598573
2024-08-10,1743.5063039056577,7642.407478499753,0.6857900288784903,0.9276939589668293,2.580229332068049,3.840665486354607,253.22767673339587,352.8241620549267,6.420894818422656,606.0518387883226,1.6134839878453195,9385.91378240541,1.617246013925751,0.0006420894818422656
2024-08-11,1742.8079476504975,7641.479696989616,0.6941546619574113,0.9278068607422457,2.6201412770360903,3.8119142419187897,253.87775641050902,353.78058190772333,6.43205551895488,607.6583383182324,1.621961522699657,9384.287644640113,1.6261377652963347,0.000643205551895488
2024-08-12,1742.101530677632,7640.550405200292,0.7023198701708531,0.9288453173417768,2.658529142703749,3.790056138274792,254.53762030949363,354.7306933440927,6.448585280978541,609.2683136535863,1.6311651875126298,9382.651935877924,1.6357087621905748,0.0006448585280978542
2024-08-13,1741.3872240385863,7639.618833177483,0.7103004657100247,0.9307061478617918,2.695566878062879,3.7743390951792675,255.2069086176409,355.67612157947707,6.469905973242147,610.8830301971179,1.6410066135718164,9381.00605721607,1.64587866185434,0.0006469905973242147
2024-08-14,1740.6651788341212,7638.684292230139,0.7181223911620728,0.9333012321986055,2.731395951766329,3.764088593007892,255.88530282295042,356.61831794465456,6.495484544774221,612.503620767605,1.6514236233606783,9379.34947106426,1.6565861518080283,0.0006495484544774221
2024-08-15,1739.9355326341154,7637.746172451594,0.7257967142174949,0.9365476175488798,2.7661532290028257,3.758708299810381,256.5725174226645,357.5585716310473,6.524861528813206,614.1310890537118,1.6623443317663749,9377.68170508571,1.6677659785514152,0.0006524861528813206
2024-08-16,1739.1984076413357,7636.80392917087,0.733342137457546,0.9403751820201479,2.799950908219294,3.7576627323905694,257.26829931298744,358.49803291471943,6.557613640609864,615.7663322277069,1.673717319477694,9376.002336812206,1.6793682735032007,0.0006557613640609864
2024-08-17,1738.4539151071606,7635.857079462987,0.7407694533331803,0.9447185145934813,2.832893733872322,3.7604774470957816,257.9724217056339,359.43772457532447,6.593371180968104,617.4101462809583,1.6854879679266617,9374.310994570147,1.6913422420585675,0.0006593371180968104
2024-08-18,1737.70215531432,7634.905193675628,0.7480904382371328,0.9495206320394218,2.865071870407169,3.76672801570808,258.68468237703576,360.3785576766252,6.631799886115249,619.0632400536609,1.6976110702765546,9372.607348989948,1.7036455801996908,0.0006631799886115249
2024-08-19,1736.943219292634,7633.947890194241,0.7553160631640704,0.9547306213880885,2.8965641552681194,3.776035938906908,259.4049004889338,361.3213432454638,6.672600094175028,620.7262437343976,1.710046684552159,9370.891109486874,1.7162395030720745,0.0006672600094175028
2024-08-20,1736.1771907784832,7632.984831282832,0.7624522919598264,0.9603014564511062,2.927443588533802,3.788065053027648,260.1329133410232,362.2668022076898,6.71550864156145,622.399715548713,1.7227537484109328,9369.162022061315,1.729087425560465,0.000671550864156145
2024-08-21,1735.4041454122255,7632.015716310618,0.7695107717923414,0.9661941574185828,2.9577678909410254,3.8025123953987516,260.86857592504117,363.21557713656466,6.760280286339777,624.0841530616058,1.7357049292109243,9367.419861722843,1.7421603384711943,0.0006760280286339776
2024-08-22,1734.6241546973818,7631.040281228523,0.7764923054502103,0.9723691081339635,2.987596991369546,3.8191120252204707,261.61175600579867,364.168237638123,6.806709016590016,625.7799936439217,1.7488614135841738,9365.664435925904,1.7554257969393348,0.0006806709016590017
2024-08-23,1733.8372827842452,7630.058290406188,0.7834092808286727,0.9787970673864583,3.016971616028025,3.837620524436884,262.3623363188982,365.1252920019892,6.854592140464909,627.4876283208873,1.762206348215131,9363.895573190433,1.7688627354715436,0.000685459214046491
2024-08-24,1733.0435921869264,7629.069538875393,0.7902588729928561,0.9854443504707914,3.045940852325528,3.857827383806524,263.12020808775526,366.0871893903295,6.903768236132052,629.2073974780848,1.7757032234636476,9362.113131062319,1.7824421281130753,0.0006903768236132052
2024-08-25,1732.2431389685744,7628.073843649749,0.7970527056438186,0.9922888051529326,3.074533264916296,3.879536876864777,263.8852750608654,367.0543306682336,6.954070141781074,630.939605729099,1.7893415107967512,9360.316982618322,1.7961484439963442,0.0006954070141781074
2024-08-26,1731.4359789548005,7627.071047070669,0.8037869647149636,0.9993024230438409,3.102787432541319,3.9025814101101455,264.6574466479431,368.0270690961772,7.005368842651464,632.6845157441203,1.8030893877588046,9358.507026025469,1.8099565928537231,0.0007005368842651464
2024-08-27,1730.6221629884778,7626.061009146776,0.8104705580400254,1.0064674471197568,3.1307243623952576,3.9268040748704336,265.43664209108687,369.0057193312337,7.057528437265692,634.4423614223206,1.8169380051597823,9356.683172135254,1.8238538902155597,0.0007057528437265692
2024-08-28,1729.8017419921523,7625.043610222006,0.8171009671427678,1.0137616110486598,3.158372187637861,3.9520700614342825,266.222784853067,369.9905581055116,7.110442249072143,636.2133429585786,1.8308625781914276,9354.845352214157,1.8378199210960702,0.0007110442249072144
2024-08-29,1728.9747638353458,7624.018745630249,0.8236830621309512,1.0211694406348144,3.185747789528446,3.978254224512991,267.0158053129948,370.9818307046023,7.164002014041436,637.9976360175972,1.8448525027657656,9352.993509465596,1.8518427485622624,0.0007164002014041436
2024-08-30,1728.141276035254,7622.986326453167,0.830217025311404,1.0286742985581332,3.212869311654434,4.005246672024123,267.81563762778035,371.9797525762502,7.2181159836785564,639.7953902040306,1.8588913238695373,9351.127602488421,1.8659069771742907,0.0007218115983678556
2024-08-31,1727.301325197775,7621.946277213033,0.8367030757941913,1.0362615352401643,3.239751799279722,4.032948237566961,268.62221992715104,372.9845130141597,7.2727000368466825,641.6067329413107,1.8729646110343556,9349.247602410807,1.88000007761309,0.0007272700036846683
2024-09-01,1726.4549567263307,7620.898534098887,0.8431446942857553,1.0439197720793938,3.2664042863284406,4.0612679814653685,269.43549429305517,373.99627814756815,7.327672267793809,643.4317724406233,1.8870644663651492,9347.353490825217,1.8941115855903945,0.0007327672267793809
2024-09-02,1725.6022172006274,7619.843045858645,0.8495376223188282,1.0516344116354943,3.292841139939376,4.0901277886725875,270.2554040371143,375.01519194104674,7.382968928611964,645.270595978161,1.9011720339543225,9345.445263059273,1.9082277659451847,0.0007382968928611964
2024-09-03,1724.743151098974,7618.779769502884,0.8558882832326686,1.0593985405329978,3.3190638173271703,4.119451407652069,271.081896800466,376.0413805489313,7.4385152249792394,647.1232773493973,1.9152868237656664,9343.522920601858,1.9223424574148567,0.000743851522497924
2024-09-04,1723.8778057601996,7617.70867390613,0.8621891212407264,1.0671976551747615,3.345085880911432,4.149177285731132,271.9149192376482,377.0749511529641,7.494263166642564,648.9898703906123,1.929386776415488,9341.58647966633,1.9364409355281396,0.0007494263166642564
2024-09-05,1723.0062259326996,7616.629733751401,0.8684479407063259,1.0750278559587625,3.3709037175761205,4.179241228800353,272.75442240901776,378.11599716383995,7.550144946376474,650.8704195728577,1.9434757966650884,9339.6359596841,1.9505199822289114,0.0007550144946376474
2024-09-06,1722.1284600766292,7615.542934573966,0.8746561754123112,1.0828756609581358,3.396528627267568,4.209593893262504,273.600355120691,379.1645958718134,7.6061225205300715,652.7649509925044,1.957531836370447,9337.671394650595,1.9645650335056644,0.0007606122520530072
2024-09-07,1721.2445544092075,7614.4482664681955,0.8808205115681795,1.090738169306915,3.4219551896955176,4.240181838903427,274.45266988952903,380.22081352359345,7.662137028598945,654.6734834131225,1.9715586808750944,9335.692820877402,1.9785737731916697,0.0007662137028598945
2024-09-08,1720.3545586293774,7613.3457287526735,0.8869340485345684,1.0986042774257492,3.4471904188384648,4.27096393320935,275.3113169032497,381.28470303669087,7.718154352047815,656.5960199399406,1.9855383259603174,9333.700287382051,1.9925334953520633,0.0007718154352047815
2024-09-09,1719.4585214050585,7612.235325179704,0.8930002265426049,1.1064703340332829,3.47222982846238,4.301896601716187,276.1762485399365,382.356307884546,7.774126430178567,658.5325564244826,1.9994705605758878,9331.693846584763,2.006440797288292,0.0007774126430178567
2024-09-10,1718.556493822453,7611.117066635844,0.8990156386995504,1.1143285516287584,3.4970748401082394,4.332943883253877,277.04741569873937,383.4356609292737,7.830018723362117,660.4830766280131,2.0133441903283087,9329.673560458297,2.0202861264665444,0.0007830018723362117
2024-09-11,1717.6485276868223,7609.9909690700115,0.9049792639413272,1.1221734066505127,3.5217236063260944,4.364071136687693,277.9247694429104,384.52278638665086,7.885794743013788,662.4475558295612,2.02715267059184,9327.639496756834,2.0340637014633103,0.0007885794743013789
2024-09-12,1716.7346757106634,7608.857053304344,0.9108919977282062,1.130000789617858,3.5461715689486577,4.3952455119311304,278.8082607226598,385.6177003941068,7.941417080879788,664.4259611167665,2.0408927873460643,9325.591729015006,2.04776774182551,0.0007941417080879788
2024-09-13,1715.8149932207953,7607.7153461919725,0.9167482047692543,1.1378029172011968,3.570420060436356,4.426440119554389,279.69783851399916,386.72041077127204,7.996860179990745,666.4182492852713,2.054551121970451,9323.530339412768,2.061389602240183,0.0007996860179990745
2024-09-14,1714.8895349318736,7606.56587737775,0.9225527390223249,1.1455790225120688,3.5944592322263955,4.457624154060794,280.5934530968776,387.830919445677,8.05208338628719,668.4243725425547,2.068131761534394,9321.455412309624,2.07492710314375,0.000805208338628719
2024-09-15,1713.9583597558515,7605.408683386417,0.928296443276184,1.153319540385659,3.6182928085273574,4.488776842611859,281.49505099234506,388.949220230586,8.107069651139216,670.4442712229311,2.081615983661843,9319.367043142269,2.088369167355836,0.0008107069651139216
2024-09-16,1713.0215249893768,7604.24380206993,0.9339863724274201,1.1610258047041353,3.6419076984391716,4.51986946534279,282.4025809397566,390.0753026600228,8.161777163781961,672.4778835997795,2.0950121771315553,9317.265327059307,2.101716082960934,0.0008161777163781961
2024-09-17,1712.0790928540787,7603.071278361081,0.9396123471581617,1.1686879460234094,3.665307751430232,4.550885086031988,283.3159870473329,391.20914860686406,8.21619283746222,674.5251356541969,2.1083002931815713,9315.150371215159,2.11495584414763,0.000821619283746222
2024-09-18,1711.13112400108,7601.89115812568,0.9451805814408696,1.1763072753682589,3.6884799256250442,4.581798141796211,284.2352154918539,392.35073645715573,8.270278067421255,676.5859519490097,2.1214878568091287,9313.02228212676,2.128089088399406,0.0008270278067421255
2024-09-19,1710.1776835006492,7600.703493489314,0.9506830449837365,1.1838756396145664,3.711425204594142,4.612592961528701,285.1602082497729,393.5000379095439,8.324018166122844,678.6602461593168,2.1345586845983027,9310.881176989962,2.141105136797819,0.0008324018166122844
2024-09-20,1709.2188360071816,7599.508338223221,0.9561224568260484,1.1913924302144747,3.7341334561127297,4.643248195243181,286.0909080798796,394.6570211513218,8.377381651355911,680.7479292312014,2.147514887040523,9308.727174230402,2.154002759559944,0.0008377381651355912
2024-09-21,1708.2546491322005,7598.3057507395015,0.9614950858081164,1.1988526181581491,3.7566007976986127,4.673747574298848,287.0272549842928,395.82164906804195,8.43034837199746,682.8489040523348,2.1603477039662655,9306.560399871702,2.16677435870065,0.000843034837199746
2024-09-22,1707.285191908883,7597.095792513472,0.9667986965794837,1.2062525608387042,3.7788216316588055,4.704074461489273,287.9691877628789,396.99388046420086,8.482896093148078,684.9630682270797,2.173051257418188,9304.380984422354,2.179415449347516,0.0008482896093148078
2024-09-23,1706.3105344056892,7595.87852767435,0.9720346644312016,1.2135909065510395,3.8007865333036164,4.734211024116576,288.916644396576,398.17367039498265,8.534997557420192,687.0903147915586,2.185625570982241,9302.189062080039,2.1919223423150243,0.0008534997557420193
2024-09-24,1705.330750095427,7594.654025035067,0.9771957799886354,1.2208608277471906,3.8224945871648965,4.764145085109173,289.86955953741955,399.36096905207665,8.58663967227407,689.2305285894962,2.198056607735826,9299.984775130495,2.2042869495451214,0.000858663967227407
2024-09-25,1704.3459116885579,7593.422354224687,0.9822877779744525,1.228064180994445,3.8439316947326003,4.793857305162256,290.82786883873524,400.5557242891556,8.637788999894857,691.3835931278909,2.2103519589688974,9297.768265913244,2.216509217248472,0.0008637788999894858
2024-09-26,1703.3560967885007,7592.183590782697,0.9873002046072765,1.2351920034686545,3.865099985570497,4.823338719536669,291.7915030213216,401.7578784942971,8.688438705107167,693.5493815156187,2.222492208075931,9295.539687571198,2.2285783420471716,0.0008688438705107167
2024-09-27,1702.3613813014454,7590.9378100451795,0.992240365349329,1.2422474873519995,3.8859835974344423,4.852569895053022,292.760394735771,402.9673725724155,8.738553492487464,695.7277673081865,2.2344878527013288,9293.299191346625,2.2404962245734623,0.0008738553492487463
2024-09-28,1701.361846278621,7589.685093392938,0.9970980785995431,1.2492218641729986,3.906584248481087,4.881542736600483,293.7344713942985,404.18414200628854,8.78812698508157,697.918613400587,2.2463199427725415,9291.04693967156,2.2522516750658497,0.000878812698508157
2024-09-29,1700.357571545283,7588.425522305514,1.001878434497254,1.256117036050696,3.926888215273412,4.910239889233897,294.71366180494647,405.40812076920054,8.83712810450731,700.121782574147,2.25799547054795,9288.783093850798,2.263845820761162,0.000883712810450731
2024-09-30,1699.3486408848498,7587.15918313847,1.006575087308433,1.2629268844090056,3.9468932869896207,4.938651713636237,295.69789074085224,406.6392382634836,8.885545000625857,702.3371290043358,2.2695019717174385,9286.50782402332,2.275269827476791,0.0008885545000625857
2024-10-01,1698.3351385381006,7585.88616380094,1.0111881814388062,1.2696500592035105,3.9665907062354084,4.966764566351072,296.68708257422526,407.8774215735044,8.93335527258648,704.5645041477296,2.280838240642317,9284.221302339041,2.2865216842793643,0.000893335527258648
2024-10-02,1697.3171506129531,7584.606555078789,1.015717078317051,1.2762844442201726,3.985972511963696,4.994565886060201,297.68115979676634,409.12259459092996,8.980538398023898,706.8037543876962,2.2920015225372237,9281.923705691743,2.297596647298974,0.0008980538398023897
2024-10-03,1696.2947658818532,7583.320451290096,1.02015610438675,1.2828247188261082,4.005035856635079,5.022046293573018,298.6800421571253,410.3746776975041,9.027082150208097,709.0547198546294,2.302980823212858,9279.61521717195,2.3084885197929452,0.0009027082150208096
2024-10-04,1695.2680727447391,7582.027947484869,1.024510168475601,1.2892727522567742,4.023767249022437,5.049190201729629,299.68364983776314,411.63358956114376,9.072957450752066,711.3172393989068,2.3137829207323755,9277.296020229609,2.319196942340909,0.0009072957450752065
2024-10-05,1694.2371641619968,7580.729143974166,1.0287691859092651,1.295620111305238,4.0421683877232075,5.075991649615232,300.691898264371,412.8992442649133,9.11816003733844,713.5911425292843,2.324389297214503,9274.966308136163,2.3297120934460054,0.0009118160037338439
2024-10-06,1693.2021312821169,7579.424140389171,1.0329408436931256,1.3018708021387524,4.060223098982324,5.102433617598499,301.70470477520786,414.1715551910904,9.162656716580823,715.8762599662982,2.334811645831878,9272.626271671288,2.3400364648737195,0.0009162656716580823
2024-10-07,1692.1630704070224,7578.113042166092,1.0370145592724211,1.308015949369263,4.077933727693936,5.128511083017719,302.7219813060114,415.4504308015198,9.206444810711655,718.1724121075313,2.345030508641684,9270.276112573114,2.3501590981736626,0.0009206444810711655
2024-10-08,1691.1200762570002,7576.79595420883,1.040996059361611,1.3140583604419134,4.095286247771222,5.154208583069633,303.7436414358673,416.7357788476572,9.249494830840856,720.4794202835244,2.3550544198035244,9267.91603046583,2.3600821072841427,0.0009249494830840856
2024-10-09,1690.0732474671033,7575.472986061964,1.0448789311985616,1.3199920472525506,4.112278984001725,5.1795189504826995,304.76959461769644,418.0275029403001,9.291797934484425,722.7970975579965,2.364870978451112,9265.546233529067,2.3697969367632368,0.0009291797934484425
2024-10-10,1689.0226829172886,7574.144248401803,1.048663343564936,1.3258159824609261,4.12890373282577,5.20443066799788,305.7997500063207,419.3255049477367,9.333334400823649,725.1252549540575,2.3744793260258623,9263.166931319092,2.3793022099749805,0.0009333334400823649
2024-10-11,1687.9684829916237,7572.8098542627995,1.0523494589404876,1.3315288867760091,4.145152411540214,5.2289327155954535,306.8340151378957,420.6296841348279,9.374085127135668,727.4636992727236,2.3838783457164965,9260.778337254424,2.388594064668723,0.0009374085127135668
2024-10-12,1686.910750797717,7571.469920124499,1.055930905013006,1.337125053403284,4.161023671032829,5.25301830101571,307.87229462623736,421.9399365210799,9.41404197204854,729.8122311473173,2.39305595841629,9258.380670922215,2.397666332206427,0.0009414041972048541
2024-10-13,1685.8495884384863,7570.124562418028,1.0594138976355594,1.3426076886742182,4.176503586077383,5.276672716565203,308.91449407780095,423.25615717673116,9.453176302642586,732.1706512545321,2.4020215863097776,9255.974150856515,2.4065200657023524,0.0009453176302642585
2024-10-14,1684.785102661941,7568.773902845303,1.062787857738091,1.3479679440946668,4.1915953406730155,5.299892505528855,309.9605141396479,424.578236705072,9.49148784620187,734.53875084472,2.4107558018327575,9253.559005507244,2.4151453492701194,0.0009491487846201871
2024-10-15,1683.7173979900363,7567.41806184627,1.0660607017317054,1.3532104661020454,4.206283597707805,5.322662042809691,311.01025771052434,425.90606564481686,9.528945640517495,736.9163233553412,2.4192711678337506,9251.135459836307,2.4235456709378695,0.0009528945640517496
2024-10-16,1682.646583593774,7566.057165156512,1.0692231672236527,1.3583272311101773,4.220570529865471,5.344977578902239,312.063622709137,427.2395300334734,9.565548108767711,739.3031527426103,2.42755039833383,9248.703748750286,2.4317110860193907,0.0009565548108767711
2024-10-17,1681.572767372009,7564.691338107443,1.0722791352806713,1.3633200988427965,4.234445212442374,5.366826463927346,313.12050828026815,428.5785153297858,9.60127167636972,741.6990236100539,2.435599234123468,9246.264105479451,2.4396432708352904,0.000960127167636972
2024-10-18,1680.4960597926208,7563.320709345834,1.075225649772847,1.3681856384502273,4.247903799470865,5.388201182426475,314.1808107581356,429.9229038332881,9.63610498189734,744.1037145914237,2.443411288223074,9243.816769138455,2.4473363409969124,0.000963610498189734
2024-10-19,1679.4165725817782,7561.945409513961,1.078059392940331,1.3729204298300373,4.260943002538761,5.409094392270348,315.2444250227428,431.2725756639374,9.67003739480911,746.5170006866801,2.4509798227703685,9241.36198209574,2.454787042715566,0.0009670037394809111
2024-10-20,1678.3344171006415,7560.565569725763,1.0807849163920824,1.3775267271493457,4.273551773310049,5.429493784032838,316.3112462096565,432.627409763053,9.703045557342886,748.9386559727095,2.4583116435414283,9238.899986826405,2.4619952693342384,0.0009703045557342886
2024-10-21,1677.249708513449,7559.18132555377,1.0833928292761816,1.3819964643565679,4.285733348901012,5.449396789770814,317.381165308374,433.98728119210176,9.735130138671826,751.3684465004758,2.4653892936327493,9236.431034067218,2.468952759186436,0.0009735130138671825
2024-10-22,1676.162559609658,7557.792811043992,1.085891497976141,1.3863349966807896,4.297473236494844,5.468788675827146,318.4540756558709,435.35206528349977,9.76626191232199,753.8061409393706,2.4722264946569306,9233.95537065365,2.4756634135692366,0.000976626191232199
2024-10-23,1675.0730876966873,7556.4001654259655,1.088271210618172,1.3905338415544504,4.308775413459305,5.4876677771310804,319.5298656792352,436.7216329553483,9.796443190590384,756.2514986345834,2.478805052172622,9231.473253122653,2.482117530996902,0.0009796443190590385
2024-10-24,1673.9814081934362,7555.003526817785,1.0905369805604217,1.394596006381508,4.319629206374621,5.506021997460244,320.60842561962886,438.09585517837183,9.825651203834866,758.7042807980007,2.4851329869419296,9228.984935011222,2.488318111430999,0.0009825651203834865
2024-10-25,1672.887639043511,7553.603036589559,1.0926855678773888,1.3985178989503513,4.330032496251666,5.523845659079881,321.68964289236004,439.4745998524095,9.853878155331547,761.1642427447696,2.49120346682774,9226.490675633071,2.494259378151469,0.0009853878155331546
2024-10-26,1671.7918989823916,7552.19883760057,1.0947140948388252,1.4022964771507322,4.339983033082422,5.541132793230813,322.77340388968713,440.85773312904746,9.881115826313234,763.6311370187345,2.4970105719895574,9223.990736582962,2.4999390501084235,0.0009881115826313235
2024-10-27,1670.694306250544,7550.79107296385,1.0966265038384069,1.4059338640960568,4.349471908184415,5.557872919081241,323.8595953374332,442.2451202529725,9.907344827265657,766.1047155904057,2.5025603679344637,9221.485379214393,2.505357368568525,0.0009907344827265656
2024-10-28,1669.5949967238112,7549.37989327619,1.098403404148562,1.4094214924167243,4.358498550623011,5.574061599433974,324.94810132141725,443.6366236319587,9.932560150056986,768.5847249533759,2.5078248965652863,9218.974890000001,2.5104892143923507,0.0009932560150056986
2024-10-29,1668.9602804701426,7548.10766237445,0.8043070056689817,1.3216642716106937,4.210906992223988,5.54281601578187,326.02450553196445,445.0278573381558,9.753723008005858,771.0523628701203,2.1259712772796755,9217.067942844593,1.906947155407579,0.0009753723008005858
2024-10-30,1668.353275476357,7546.86632801044,0.6778137396819897,1.268846727559065,3.9261618818503266,5.460846380016966,327.04274890211065,446.40397888198106,9.387008261867294,773.4467277840918,1.9466604672410546,9215.219603486797,1.8483393577943161,0.0009387008261867294
2024-10-31,1667.7821392141243,7545.667383067457,0.608479951024926,1.222346022541796,3.62311916410551,5.35402296902859,327.98626167074536,447.75624794096996,8.9771421331341,775.7425096117154,1.8308259735667218,9213.449522281582,1.7700812052161154,0.00089771421331341
2024-11-01,1667.2470992056415,7544.513768210614,0.5602324987852589,1.1765291946849454,3.3368946560033454,5.230127070341246,328.8557736395702,449.07957552435727,8.567021726344592,777.9353491639274,1.7367616934702044,9211.760867416255,1.6886548653259297,0.0008567021726344592
2024-11-02,1666.7461079474929,7543.405821995968,0.5210874361702902,1.1308195178057212,3.075967913418406,5.093136384723522,329.65683670291867,450.3702221015006,8.169104298141928,780.0270588044193,1.6519069539760114,9210.15192994346,1.6089374727951054,0.0008169104298141928
2024-11-03,1666.2766323062267,7542.343014138427,0.48689767157882186,1.08551033650961,2.8405788640005207,4.946162702775084,330.39589115819416,451.6253128222855,7.786741566775604,782.0212039804796,1.5724080080884317,9208.619646444653,1.5322834988064642,0.0007786741566775604
2024-11-04,1665.8361906468708,7541.324462812779,0.45609065255427644,1.0409180313735082,2.6286375192780036,4.791920421649406,331.07908118129706,452.8426987341956,7.420557940927409,783.9217799154926,1.4970086839277847,9207.16065345965,1.4589929850041017,0.0007420557940927409
2024-11-05,1665.4224966286954,7540.349103436006,0.4279622790485595,0.9972695721637648,2.437590336578157,4.632762618527281,331.71195075567806,454.0208643733005,7.070352955105438,785.7328151289786,1.4252318512123243,9205.771600064701,1.3890533949485189,0.0007070352955105438
2024-11-06,1665.033482448323,7539.4157568481805,0.4021153525177953,0.9547185110010215,2.264989338331076,4.470686827994767,332.29941286082817,455.15883781282173,6.735676166325843,787.4582506736499,1.3568338635188169,9204.449239296504,1.322360768198223,0.0006735676166325843
2024-11-07,1664.667286360423,7538.523165997716,0.37827417513853995,0.9133690922139799,2.1086403831064207,4.307360513936739,332.84579908133196,456.2561043961309,6.416000897043159,789.1019034774629,1.2916432673525198,9203.19045235814,1.2587869383639827,0.0006416000897043159
2024-11-08,1664.3222316749423,7537.670021010326,0.3562216491681453,0.8732917949601305,1.9666200465708756,4.144158380587384,333.3549266293187,457.3125288141233,6.11077842715826,790.667455443442,1.2295134441282758,9201.992252685268,1.1981996728700324,0.000611077842715826
2024-11-09,1663.9968056195466,7536.854978283587,0.33577622647014965,0.8345333284132012,1.8372550833183203,3.982200488002417,333.8301630706649,458.32828789999485,5.819455571320737,792.1584509706597,1.1703095548833509,9200.851783903134,1.1404687821352582,0.0005819455571320737
2024-11-10,1663.6896392656924,7536.076677479081,0.3167792287915715,0.7971201166512838,1.7190941361204408,3.822393578335054,334.27448736939556,459.30380882593016,5.541487714455495,793.5782961953257,1.1138993454428552,9199.766316744774,1.0854671583601885,0.0005541487714455494
2024-11-11,1663.3994911334805,7535.3337523551545,0.29909476791104633,0.7610657920440995,1.6108758129427871,3.665457610286922,334.6905382856657,460.23972424251156,5.276333423229709,794.9302625281773,1.0601605599551458,9198.733243488636,1.0330732561380955,0.0005276333423229709
2024-11-12,1663.1252314120227,7534.624843447095,0.2826010548853883,0.7263698002309806,1.5115053901921154,3.5119619007151464,335.0806621428998,461.1368248519556,5.023467290907262,796.2174869948554,1.008970855116369,9197.750074859117,0.9831686295169675,0.0005023467290907262
2024-11-13,1662.865829628018,7533.94860462213,0.26719254727399916,0.693023796308635,1.4200293207353942,3.3623430228730458,335.44694850397264,461.99602855868517,4.78237234360844,797.4429770626577,0.9602163435826341,9196.814434250147,0.9356406089697202,0.000478237234360844
2024-11-14,1662.6203429322595,7533.303711331931,0.252774591632574,0.6610102443535387,1.3356173577370518,3.2169310649861953,335.7912651183708,462.81834735872667,4.552548422723247,798.6096124770975,0.9137848359861127,9195.92405426419,0.8903799859580204,0.00045525484227232474
2024-11-15,1662.3879065911442,7532.688864992216,0.23926408354372694,0.6303063627281059,1.2575441855025358,3.0759638877053015,336.1152851398095,463.604864757348,4.333508073207837,799.7201498971575,0.8695704462718329,9195.07677158336,0.8472826808302898,0.00043335080732078373
2024-11-16,1662.1677253435312,7532.102797840887,0.22658658018983718,0.6008839283829256,1.1851757332627026,2.939604644929572,336.42051234301636,464.356713585797,4.124780378192275,800.7772259288133,0.8274705085727627,9194.27052318442,0.806248398941193,0.0004124780378192275
2024-11-17,1661.9590660671777,7531.544275730426,0.21467598440682423,0.5727112376077519,1.117956092495494,2.8079533944346413,336.70830185592007,465.07505963752897,3.925909486930135,801.7833614934491,0.7873872220145761,9193.503341797605,0.7671813868155368,0.00039259094869301353
2024-11-18,1661.7612513011754,7531.0121007739635,0.2034729618183778,0.5457535696002808,1.055397144058919,2.6810587916641597,336.9798785929474,465.7610868647693,3.736455935723079,802.7409654577167,0.7492265314186586,9192.773352075139,0.729989722464552,0.0003736455935723079
2024-11-19,1661.573653623814,7530.505112792411,0.19292448443141436,0.5199743169998122,0.997069064694041,2.5589267922515075,337.23635282706067,466.41598609833466,3.5559958569455485,803.6523389253953,0.7128988014312265,9192.078766416225,0.6945856589136383,0.0003555995856945549
2024-11-20,1661.3956907000934,7530.022190676073,0.18298254597130048,0.4953350903382227,0.9425927796915872,2.441529293405025,337.47873397424377,467.04094494018153,3.384122073096612,804.5196789144253,0.6783176363095231,9191.417881376166,0.6608850400593838,0.0003384122073096612
2024-11-21,1661.2268209872727,7529.562252653606,0.1736042774105287,0.4717972421851283,0.8916326441854601,2.328809419536535,337.70794209113126,467.63714068466874,3.220442063721995,805.3450827757999,0.6454015195956571,9190.789073640879,0.6288077352861592,0.0003220442063721995
2024-11-22,1661.0665398793028,7529.124257010198,0.1647502067125441,0.4493206282103831,0.843891465258639,2.220689289285034,337.9248184487261,468.20573307230376,3.0645807545436727,806.1305515210299,0.6140708349229271,9190.190796889501,0.5982767513789895,0.00030645807545436727
2024-11-23,1660.9143764199132,7528.707201347047,0.15638543847319356,0.42786653469544167,0.7991042623050175,2.117071499148212,338.13013387930863,468.7478606191059,2.9161757614532293,806.8779944984145,0.5842519731686352,9189.62157776696,0.5692191225398346,0.00029161757614532295
2024-11-24,1660.7698902633572,7528.310123049707,0.14847698873562162,0.40739437608191786,0.757035678942494,2.0178474969851536,338.3245970689648,469.26463507722343,2.7748831759276475,807.5892321461882,0.5558713648175395,9189.080013313063,0.5415644538969673,0.00027748831759276475
2024-11-25,1660.6326691303198,7527.932097737501,0.14099625990145193,0.38786665334129666,0.7174740607691792,1.9228952060759354,338.5088605490096,469.7571404030785,2.6403692668451146,808.2660009520881,0.5288629132427486,9188.564766867821,0.5152464452426102,0.00026403692668451145
2024-11-26,1660.5023220269704,7527.5722389852335,0.13391982179026574,0.36924419237342093,0.6802309298323901,1.832088436082138,338.6835272214069,470.22642838630827,2.5123193659145278,808.9099556077151,0.5031640141636866,9188.074561012203,0.4902058556173188,0.00025123193659145276
2024-11-27,1660.3107206877198,7527.218651054822,0.17015137571338976,0.3586393464241269,0.6678845780848098,1.7488701475037374,338.85124335848184,470.67383945124635,2.416754725588547,809.5250828097282,0.5287907221375167,9187.529371742541,0.545189269661023,0.0002416754725588547
2024-11-28,1660.1208935789352,7526.876511976354,0.18260307627879793,0.3477105753942344,0.6773142808195277,1.6742132789537274,339.0191890639661,471.1015641692935,2.3515275597732552,810.1207532332596,0.5303136516730323,9186.997405555288,0.5319661872515553,0.00023515275597732553
2024-11-29,1659.9300871081914,7526.543079711171,0.18786597765497423,0.33827654398827794,0.6917566296668841,1.6070721128524348,339.19029028448654,471.51157163198377,2.298828742519319,810.7018619164703,0.5261425216432521,9186.473166819364,0.5242387359270424,0.00022988287425193188
2024-11-30,1659.7376533297274,7526.216987575065,0.19084164329233316,0.33022160822182983,0.7064268550657483,1.5470931660830751,339.3650781719145,471.9056976506259,2.2535200211488235,811.2707758225404,0.521063251514163,9185.954640904793,0.5185259145704322,0.00022535200211488236
2024-12-01,1659.5435418443628,7525.897293329028,0.19299315959340824,0.3232572628568511,0.7200508529885015,1.4937757605984499,339.5434141430554,472.2856736475118,2.213826613586951,811.8290877905672,0.5162504224502593,9185.440835173391,0.5138057314010211,0.0002213826613586951
2024-12-02,1659.3478609592562,7525.583227284583,0.19476973659806449,0.31717432368985454,0.7323747439298263,1.4465086410566854,339.72499456021586,472.6530897506658,2.178883384986512,812.3780843108816,0.5119440602879191,9184.931088243839,0.5097469295516248,0.00021788833849865119
2024-12-03,1659.150751892389,7525.274122381884,0.19631866431488057,0.3118328164529309,0.7434335207499343,1.4046649804076012,339.9094959225461,473.009379821251,2.1480985011575355,812.9188757437971,0.5081514807678115,9184.424874274273,0.5062139695664882,0.00021480985011575356
2024-12-04,1658.9523534067823,7524.969390591899,0.19769658728799744,0.3071320535586356,0.7533351579531616,1.367652647571858,340.0966148479764,473.3558247069654,2.1209878055250195,813.4524395549417,0.504828640846633,9183.921743998682,0.5031302755909337,0.00021209878055250195
2024-12-05,1658.7527928959894,7524.668511380898,0.19893184309453316,0.30299272652092146,0.7621983069343414,1.3349322278833624,340.2860769539816,473.6935636646928,2.097130534817704,813.9796406186745,0.5019245696154546,9183.421304276888,0.5004397217942369,0.00020971305348177038
2024-12-06,1658.552185034571,7524.371023636981,0.20004274095592345,0.2993485209975057,0.7701353806178696,1.3060197409111411,340.4776368438549,474.0236081011058,2.076155121529011,814.5012449449607,0.49939126195342914,9182.923208671551,0.498095605335493,0.00020761551215290109
2024-12-07,1658.3506323358824,7524.076519048221,0.20104356445611568,0.2961421587150084,0.7772481254545869,1.2804839924535663,340.6710759742067,474.3468548006061,2.057732117908153,815.0179307748128,0.4971857231711241,9182.427151384103,0.4960572874489344,0.00020577321179081532
2024-12-08,1658.1482263513315,7523.784635628857,0.20194681089204625,0.29332309141779994,0.7836271019287253,1.2579416500134688,340.86619973584754,474.66409962970664,2.041568751942194,815.5302993655541,0.4952699023098462,9181.932861980189,0.49428940391408105,0.0002041568751942194
2024-12-09,1657.945048782763,7523.495053522492,0.2027627202028108,0.29084705815069006,0.7893533615935682,1.2380526069740683,341.0628351354403,474.97604681237874,2.0274059685676367,816.038881947819,0.49360977835350084,9181.440102305254,0.4927596749340637,0.00020274059685676367
2024-12-10,1657.741172641947,7523.207489084415,0.2035008639227285,0.2886745852386519,0.7944984485152483,1.2205147951134663,341.26082804561474,475.2833215352278,2.0150132436287147,816.5441495808425,0.49217544916138045,9180.948661726363,0.4914405788923659,0.00020150132436287148
2024-12-11,1657.5366632118682,7522.921691152367,0.20416986842660087,0.28677057829343067,0.7991257416247852,1.205060107147938,341.46004117808013,475.5864781621864,2.0041858487727233,817.0465193402665,0.49094044672003156,9180.458354364235,0.490307362126714,0.00020041858487727232
2024-12-12,1657.331578854242,7522.6374388076365,0.2047760186601988,0.2851043924464585,0.8032925516143847,1.1914513693826718,341.6603525754831,475.8860054305293,1.9947439209970566,817.5463580060124,0.4898804111066573,9179.969017661879,0.48933670235680893,0.00019947439209970564
2024-12-13,1657.1259718095114,7522.3545350539,0.2053271193524065,0.28364835861328447,0.8070478411985618,1.1794771774022148,341.86165322993753,476.18233941007986,1.9865250186007766,818.0439926400174,0.48897547796569096,9179.48050686341,0.4885107984678143,0.00019865250186007765
2024-12-14,1656.919888997869,7522.072806566205,0.2058287202028144,0.28237808261702196,0.8104362721352187,1.1689504353615823,342.0638460097928,476.4758649158109,1.979386707496801,818.5397109256037,0.48820680281983636,9178.992695564075,0.4878112993363857,0.0001979386707496801
2024-12-15,1656.7133726654656,7521.7921010012815,0.2062842559962767,0.28127169982822514,0.8134988202832206,1.1597059224230704,342.2668442582549,476.7669213764616,1.973204742706291,819.0337656347165,0.48755595582450184,9178.505473666748,0.48722189732689003,0.0001973204742706291
2024-12-16,1656.5064603195096,7521.512282265854,0.20670079558496418,0.28031067958906114,0.8162680276794667,1.151595298181499,342.4705708572258,477.05581175636996,1.9678633258609657,819.5263826135958,0.4870114751740253,9178.018742585364,0.48673108138359567,0.00019678633258609656
2024-12-17,1656.299186206851,7521.233231396838,0.20708116741076746,0.2794775048276653,0.8187760936028312,1.1444884825261878,342.6749565321354,477.34280261580255,1.963264576129019,820.017759147938,0.48655867223843274,9177.532417603688,0.4863249816746702,0.0001963264576129019
2024-12-18,1656.0915810968402,7520.954843396754,0.20742849126961524,0.27875695212154866,0.8210509632444664,1.1382697801623836,342.87993944864576,477.6281298709571,1.9593207434068498,820.5080693196028,0.4861854433911639,9177.046424493594,0.4859931100952508,0.00019593207434068498
2024-12-19,1655.883672548487,7520.67702528814,0.20774710685159534,0.2781362894816479,0.8231158915443465,1.1328356148276513,343.0854644531169,477.91200280754543,1.9559515063719979,820.9974672606623,0.4858833963332433,9176.560697836627,0.48572665696690365,0.00019559515063719978
2024-12-20,1655.6754858675333,7520.399695950606,0.20803857773683762,0.2776027966250633,0.8249937375549581,1.1280957391673838,343.29148181717477,478.19460551359595,1.953089476722342,821.4860873307707,0.4856413743619009,9176.07518181814,0.4855160184872602,0.0001953089476722342
2024-12-21,1655.4670436622794,7520.122783335374,0.20830650692905445,0.27714673445934174,0.826702625704692,1.1239682760387495,343.4979472050868,478.4761016541224,1.9506709017434414,821.9740488592092,0.4854532413883962,9175.589826997653,0.48535482048612266,0.00019506709017434414
2024-12-22,1655.2583667617826,7519.846224818197,0.20855229847605616,0.27675812664216254,0.8282603612845522,1.1203821770931062,343.70482057845686,478.7566348780625,1.9486425383776584,822.4614554565194,0.4853104251182187,9175.104591579979,0.48523541767428924,0.00019486425383776585
2024-12-23,1655.0494740229221,7519.569965216579,0.2087779980315521,0.27642875316503684,0.8296819630848596,1.117273668555892,343.9120660159612,479.03633236169446,1.9469556316407517,822.9483983776556,0.48520675119658896,9174.619439239501,0.4851523404776117,0.00019469556316407518
2024-12-24,1654.8403825347068,7519.293955892948,0.20898635877998314,0.27615205922553326,0.8309798469475805,1.114585293265788,344.1196512595656,479.31530675455423,1.9455651402133687,823.4349580141198,0.4851384180055164,9174.134338427655,0.4851008118457685,0.00019455651402133686
2024-12-25,1654.6311083718563,7519.018155238751,0.2091772332354173,0.2759200788730838,0.8321675377423188,1.1122685389296219,344.32754685716594,479.5936561434399,1.9444360766719406,823.9212030006058,0.48509731210850104,9173.649263610607,0.4850748170475754,0.00019444360766719405
2024-12-26,1654.4216658913472,7518.742526213358,0.20935294925573203,0.27572787785292907,0.8332546283123359,1.1102780026379782,344.5357265310847,479.87146790614486,1.943532630950314,824.4071944372296,0.4850808271086611,9173.164192104705,0.4850715059022832,0.0001943532630950314
2024-12-27,1654.2120683566966,7518.467036651415,0.20951544470810413,0.2755709578426826,0.8342497514684624,1.108573529704129,344.7441664471267,480.1488188610324,1.9428232811725914,824.892985308159,0.4850864025507867,9172.679105008112,0.48508709659381566,0.00019428232811725913
2024-12-28,1654.0023284448616,7518.191659332762,0.20966414499335717,0.27544317793776385,0.8351628276332332,1.1071217597253873,344.9528445825118,480.4257757295686,1.9422845873586205,825.3786203120803,0.485107322931121,9172.193987777624,0.4851172304877309,0.00019422845873586205
2024-12-29,1653.7924573619719,7517.916369955392,0.20980152599425728,0.2753420428285294,0.8359996928973803,1.1058900502243763,345.1617414191364,480.7023979515491,1.9418897431217566,825.8641393706855,0.4851435688227867,9171.708827317363,0.4851604602599764,0.00019418897431217565
2024-12-30,1653.5824659832087,7517.641148244635,0.2099274723793525,0.27526294826549735,0.8367678181974071,1.1048518906552434,345.37083872621434,480.9787369164388,1.9416197088526506,826.3495756426531,0.48519042064484985,9171.223614227843,0.4852130895205846,0.00019416197088526505
2024-12-31,1653.3723642590555,7517.365976577361,0.2100429724420904,0.2752029706599014,0.8374727456197802,1.1039825706561261,345.5801200228824,481.25483788131635,1.9414553162759063,826.8349579041987,0.48524594310199176,9170.738340836417,0.48527339142594883,0.00019414553162759062
