date,S,I,R
1980-01-01,99899000,1000,100000
1980-01-08,99896251,2220,101530
1980-01-15,99890173,4906,104920
1980-01-22,99876891,10742,112367
1980-01-29,99848177,23232,128591
1980-02-05,99787382,49342,163277
1980-02-12,99661208,102571,236221
1980-02-19,99407089,207517,385394
1980-02-26,98911424,406245,682332
1980-03-04,97985461,763829,1250710
1980-03-11,96345616,1363563,2290821
1980-03-18,93641554,2275492,4082953
1980-03-25,89560794,3492195,6947011
1980-04-01,84058354,4823563,11118084
1980-04-08,77604178,5887799,16508023
1980-04-15,70989715,6343158,22667127
1980-04-22,64958903,6093109,28947988
1980-04-29,60025086,5303829,34671085
1980-05-06,56285915,4251594,39462492
1980-05-13,53613931,3199699,43186369
1980-05-20,51746692,2321138,45932169
1980-05-27,50478956,1628386,47892658
1980-06-03,49633922,1116608,49249470
1980-06-10,49073503,752598,50173898
1980-06-17,48706358,501414,50792228
1980-06-24,48465671,331276,51203053
1980-07-01,48308491,217929,51473581
1980-07-08,48205488,143114,51651398
1980-07-15,48137645,94004,51768350
1980-07-22,48093013,62095,51844892
1980-07-29,48062994,41133,51895872
1980-08-05,48042892,27514,51929595
1980-08-12,48029121,18549,51952330
1980-08-19,48019632,12653,51967715
1980-08-26,48012995,8745,51978260
1980-09-02,48008260,6123,51985618
1980-09-09,48004857,4358,51990785
1980-09-16,48002348,3148,51994504
1980-09-23,48000477,2314,51997210
1980-09-30,47999060,1731,51999210
1980-10-07,47997961,1316,52000723
1980-10-14,47997100,1018,52001882
1980-10-21,47996414,802,52002784
1980-10-28,47995857,641,52003502
1980-11-04,47995399,521,52004081
1980-11-11,47995018,429,52004553
1980-11-18,47994697,358,52004945
1980-11-25,47994422,303,52005275
1980-12-02,47994187,258,52005555
1980-12-09,47993983,222,52005795
1980-12-16,47993806,193,52006001
1980-12-23,47993651,168,52006181
1980-12-30,47993516,146,52006338
1981-01-06,47993398,128,52006475
1981-01-13,47993295,111,52006594
1981-01-20,47993206,96,52006698
1981-01-27,47993130,83,52006787
1981-02-03,47993065,71,52006864
1981-02-10,47993010,61,52006930
1981-02-17,47992964,51,52006986
1981-02-24,47992926,42,52007032
1981-03-03,47992896,34,52007070
1981-03-10,47992872,28,52007101
1981-03-17,47992853,22,52007125
1981-03-24,47992838,17,52007145
1981-03-31,47992827,13,52007160
1981-04-07,47992819,10,52007171
1981-04-14,47992813,7,52007180
1981-04-21,47992809,5,52007186
1981-04-28,47992806,4,52007190
1981-05-05,47992804,3,52007193
1981-05-12,47992803,2,52007196
1981-05-19,47992802,1,52007197
1981-05-26,47992801,1,52007198
1981-06-02,47992801,1,52007199
1981-06-09,47992800,0,52007199
1981-06-16,47992800,0,52007200
1981-06-23,47992800,0,52007200
1981-06-30,47992800,0,52007200
1981-07-07,47992800,0,52007200
1981-07-14,47992800,0,52007200
1981-07-21,47992800,0,52007200
1981-07-28,47992800,0,52007200
1981-08-04,47992800,0,52007200
1981-08-11,47992800,0,52007200
1981-08-18,47992800,0,52007200
1981-08-25,47992800,0,52007200
1981-09-01,47992800,0,52007200
1981-09-08,47992800,0,52007200
1981-09-15,47992800,0,52007200
1981-09-22,47992800,0,52007200
1981-09-29,47992800,0,52007200
1981-10-06,47992800,0,52007200
1981-10-13,47992800,0,52007200
1981-10-20,47992800,0,52007200
1981-10-27,47992800,0,52007200
1981-11-03,47992800,0,52007200
1981-11-10,47992800,0,52007200
1981-11-17,47992800,0,52007200
1981-11-24,47992800,0,52007200
1981-12-01,47992800,0,52007200
1981-12-08,47992800,0,52007200
1981-12-15,47992800,0,52007200
1981-12-22,47992800,0,52007200
1981-12-29,47992800,0,52007200
1982-01-05,47992800,0,52007200
1982-01-12,47992800,0,52007200
1982-01-19,47992800,0,52007200
1982-01-26,47992800,0,52007200
1982-02-02,47992800,0,52007200
1982-02-09,47992800,0,52007200
1982-02-16,47992800,0,52007200
1982-02-23,47992800,0,52007200
1982-03-02,47992800,0,52007200
1982-03-09,47992800,0,52007200
1982-03-16,47992800,0,52007200
1982-03-23,47992800,0,52007200
1982-03-30,47992800,0,52007200
1982-04-06,47992800,0,52007200
1982-04-13,47992800,0,52007200
1982-04-20,47992800,0,52007200
1982-04-27,47992800,0,52007200
1982-05-04,47992800,0,52007200
1982-05-11,47992800,0,52007200
1982-05-18,47992800,0,52007200
1982-05-25,47992800,0,52007200
1982-06-01,47992800,0,52007200
1982-06-08,47992800,0,52007200
1982-06-15,47992800,0,52007200
1982-06-22,47992800,0,52007200
1982-06-29,47992800,0,52007200
1982-07-06,47992800,0,52007200
1982-07-13,47992800,0,52007200
1982-07-20,47992800,0,52007200
1982-07-27,47992800,0,52007200
1982-08-03,47992800,0,52007200
1982-08-10,47992800,0,52007200
1982-08-17,47992800,0,52007200
1982-08-24,47992800,0,52007200
1982-08-31,47992800,0,52007200
1982-09-07,47992800,0,52007200
1982-09-14,47992800,0,52007200
1982-09-21,47992800,0,52007200
1982-09-28,47992800,0,52007200
1982-10-05,47992800,0,52007200
1982-10-12,47992800,0,52007200
1982-10-19,47992800,0,52007200
1982-10-26,47992800,0,52007200
1982-11-02,47992800,0,52007200
1982-11-09,47992800,0,52007200
1982-11-16,47992800,0,52007200
1982-11-23,47992800,0,52007200
1982-11-30,47992800,0,52007200
1982-12-07,47992800,0,52007200
1982-12-14,47992800,0,52007200
1982-12-21,47992800,0,52007200
1982-12-28,47992800,0,52007200
1983-01-04,47992800,0,52007200
1983-01-11,47992800,0,52007200
1983-01-18,47992800,0,52007200
1983-01-25,47992800,0,52007200
1983-02-01,47992800,0,52007200
1983-02-08,47992800,0,52007200
1983-02-15,47992800,0,52007200
1983-02-22,47992800,0,52007200
1983-03-01,47992800,0,52007200
1983-03-08,47992800,0,52007200
1983-03-15,47992800,0,52007200
1983-03-22,47992800,0,52007200
1983-03-29,47992800,0,52007200
1983-04-05,47992800,0,52007200
1983-04-12,47992800,0,52007200
1983-04-19,47992800,0,52007200
1983-04-26,47992800,0,52007200
1983-05-03,47992800,0,52007200
1983-05-10,47992800,0,52007200
1983-05-17,47992800,0,52007200
1983-05-24,47992800,0,52007200
1983-05-31,47992800,0,52007200
1983-06-07,47992800,0,52007200
1983-06-14,47992800,0,52007200
1983-06-21,47992800,0,52007200
1983-06-28,47992800,0,52007200
1983-07-05,47992800,0,52007200
1983-07-12,47992800,0,52007200
1983-07-19,47992800,0,52007200
1983-07-26,47992800,0,52007200
1983-08-02,47992800,0,52007200
1983-08-09,47992800,0,52007200
1983-08-16,47992800,0,52007200
1983-08-23,47992800,0,52007200
1983-08-30,47992800,0,52007200
1983-09-06,47992800,0,52007200
1983-09-13,47992800,0,52007200
1983-09-20,47992800,0,52007200
1983-09-27,47992800,0,52007200
1983-10-04,47992800,0,52007200
1983-10-11,47992800,0,52007200
1983-10-18,47992800,0,52007200
1983-10-25,47992800,0,52007200
1983-11-01,47992800,0,52007200
1983-11-08,47992800,0,52007200
1983-11-15,47992800,0,52007200
1983-11-22,47992800,0,52007200
1983-11-29,47992800,0,52007200
1983-12-06,47992800,0,52007200
1983-12-13,47992800,0,52007200
1983-12-20,47992800,0,52007200
1983-12-27,47992800,0,52007200
1984-01-03,47992800,0,52007200
1984-01-10,47992800,0,52007200
1984-01-17,47992800,0,52007200
1984-01-24,47992800,0,52007200
1984-01-31,47992800,0,52007200
1984-02-07,47992800,0,52007200
1984-02-14,47992800,0,52007200
1984-02-21,47992800,0,52007200
1984-02-28,47992800,0,52007200
1984-03-06,47992800,0,52007200
1984-03-13,47992800,0,52007200
1984-03-20,47992800,0,52007200
1984-03-27,47992800,0,52007200
1984-04-03,47992800,0,52007200
1984-04-10,47992800,0,52007200
1984-04-17,47992800,0,52007200
1984-04-24,47992800,0,52007200
1984-05-01,47992800,0,52007200
1984-05-08,47992800,0,52007200
1984-05-15,47992800,0,52007200
1984-05-22,47992800,0,52007200
1984-05-29,47992800,0,52007200
1984-06-05,47992800,0,52007200
1984-06-12,47992800,0,52007200
1984-06-19,47992800,0,52007200
1984-06-26,47992800,0,52007200
1984-07-03,47992800,0,52007200
1984-07-10,47992800,0,52007200
1984-07-17,47992800,0,52007200
1984-07-24,47992800,0,52007200
1984-07-31,47992800,0,52007200
1984-08-07,47992800,0,52007200
1984-08-14,47992800,0,52007200
1984-08-21,47992800,0,52007200
1984-08-28,47992800,0,52007200
1984-09-04,47992800,0,52007200
1984-09-11,47992800,0,52007200
1984-09-18,47992800,0,52007200
1984-09-25,47992800,0,52007200
1984-10-02,47992800,0,52007200
1984-10-09,47992800,0,52007200
1984-10-16,47992800,0,52007200
1984-10-23,47992800,0,52007200
1984-10-30,47992800,0,52007200
1984-11-06,47992800,0,52007200
1984-11-13,47992800,0,52007200
1984-11-20,47992800,0,52007200
1984-11-27,47992800,0,52007200
1984-12-04,47992800,0,52007200
1984-12-11,47992800,0,52007200
1984-12-18,47992800,0,52007200
1984-12-25,47992800,0,52007200
1985-01-01,47992800,0,52007200
1985-01-08,47992800,0,52007200
1985-01-15,47992800,0,52007200
1985-01-22,47992800,0,52007200
1985-01-29,47992800,0,52007200
1985-02-05,47992800,0,52007200
1985-02-12,47992800,0,52007200
1985-02-19,47992800,0,52007200
1985-02-26,47992800,0,52007200
1985-03-05,47992800,0,52007200
1985-03-12,47992800,0,52007200
1985-03-19,47992800,0,52007200
1985-03-26,47992800,0,52007200
1985-04-02,47992800,0,52007200
1985-04-09,47992800,0,52007200
1985-04-16,47992800,0,52007200
1985-04-23,47992800,0,52007200
1985-04-30,47992800,0,52007200
1985-05-07,47992800,0,52007200
1985-05-14,47992800,0,52007200
1985-05-21,47992800,0,52007200
1985-05-28,47992800,0,52007200
1985-06-04,47992800,0,52007200
1985-06-11,47992800,0,52007200
1985-06-18,47992800,0,52007200
1985-06-25,47992800,0,52007200
1985-07-02,47992800,0,52007200
1985-07-09,47992800,0,52007200
1985-07-16,47992800,0,52007200
1985-07-23,47992800,0,52007200
1985-07-30,47992800,0,52007200
1985-08-06,47992800,0,52007200
1985-08-13,47992800,0,52007200
1985-08-20,47992800,0,52007200
1985-08-27,47992800,0,52007200
1985-09-03,47992800,0,52007200
1985-09-10,47992800,0,52007200
1985-09-17,47992800,0,52007200
1985-09-24,47992800,0,52007200
1985-10-01,47992800,0,52007200
1985-10-08,47992800,0,52007200
1985-10-15,47992800,0,52007200
1985-10-22,47992800,0,52007200
1985-10-29,47992800,0,52007200
1985-11-05,47992800,0,52007200
1985-11-12,47992800,0,52007200
1985-11-19,47992800,0,52007200
1985-11-26,47992800,0,52007200
1985-12-03,47992800,0,52007200
1985-12-10,47992800,0,52007200
1985-12-17,47992800,0,52007200
1985-12-24,47992800,0,52007200
1985-12-31,47992800,0,52007200
1986-01-07,47992800,0,52007200
1986-01-14,47992800,0,52007200
1986-01-21,47992800,0,52007200
1986-01-28,47992800,0,52007200
1986-02-04,47992800,0,52007200
1986-02-11,47992800,0,52007200
1986-02-18,47992800,0,52007200
1986-02-25,47992800,0,52007200
1986-03-04,47992800,0,52007200
1986-03-11,47992800,0,52007200
1986-03-18,47992800,0,52007200
1986-03-25,47992800,0,52007200
1986-04-01,47992800,0,52007200
1986-04-08,47992800,0,52007200
1986-04-15,47992800,0,52007200
1986-04-22,47992800,0,52007200
1986-04-29,47992800,0,52007200
1986-05-06,47992800,0,52007200
1986-05-13,47992800,0,52007200
1986-05-20,47992800,0,52007200
1986-05-27,47992800,0,52007200
1986-06-03,47992800,0,52007200
1986-06-10,47992800,0,52007200
1986-06-17,47992800,0,52007200
1986-06-24,47992800,0,52007200
1986-07-01,47992800,0,52007200
1986-07-08,47992800,0,52007200
1986-07-15,47992800,0,52007200
1986-07-22,47992800,0,52007200
1986-07-29,47992800,0,52007200
1986-08-05,47992800,0,52007200
1986-08-12,47992800,0,52007200
1986-08-19,47992800,0,52007200
1986-08-26,47992800,0,52007200
1986-09-02,47992800,0,52007200
1986-09-09,47992800,0,52007200
1986-09-16,47992800,0,52007200
1986-09-23,47992800,0,52007200
1986-09-30,47992800,0,52007200
1986-10-07,47992800,0,52007200
1986-10-14,47992800,0,52007200
1986-10-21,47992800,0,52007200
1986-10-28,47992800,0,52007200
1986-11-04,47992800,0,52007200
1986-11-11,47992800,0,52007200
1986-11-18,47992800,0,52007200
1986-11-25,47992800,0,52007200
1986-12-02,47992800,0,52007200
1986-12-09,47992800,0,52007200
1986-12-16,47992800,0,52007200
1986-12-23,47992800,0,52007200
1986-12-30,47992800,0,52007200
1987-01-06,47992800,0,52007200
1987-01-13,47992800,0,52007200
1987-01-20,47992800,0,52007200
1987-01-27,47992800,0,52007200
1987-02-03,47992800,0,52007200
1987-02-10,47992800,0,52007200
1987-02-17,47992800,0,52007200
1987-02-24,47992800,0,52007200
1987-03-03,47992800,0,52007200
1987-03-10,47992800,0,52007200
1987-03-17,47992800,0,52007200
1987-03-24,47992800,0,52007200
1987-03-31,47992800,0,52007200
1987-04-07,47992800,0,52007200
1987-04-14,47992800,0,52007200
1987-04-21,47992800,0,52007200
1987-04-28,47992800,0,52007200
1987-05-05,47992800,0,52007200
1987-05-12,47992800,0,52007200
1987-05-19,47992800,0,52007200
1987-05-26,47992800,0,52007200
1987-06-02,47992800,0,52007200
1987-06-09,47992800,0,52007200
1987-06-16,47992800,0,52007200
1987-06-23,47992800,0,52007200
1987-06-30,47992800,0,52007200
1987-07-07,47992800,0,52007200
1987-07-14,47992800,0,52007200
1987-07-21,47992800,0,52007200
1987-07-28,47992800,0,52007200
1987-08-04,47992800,0,52007200
1987-08-11,47992800,0,52007200
1987-08-18,47992800,0,52007200
1987-08-25,47992800,0,52007200
1987-09-01,47992800,0,52007200
1987-09-08,47992800,0,52007200
1987-09-15,47992800,0,52007200
1987-09-22,47992800,0,52007200
1987-09-29,47992800,0,52007200
1987-10-06,47992800,0,52007200
1987-10-13,47992800,0,52007200
1987-10-20,47992800,0,52007200
1987-10-27,47992800,0,52007200
1987-11-03,47992800,0,52007200
1987-11-10,47992800,0,52007200
1987-11-17,47992800,0,52007200
1987-11-24,47992800,0,52007200
1987-12-01,47992800,0,52007200
1987-12-08,47992800,0,52007200
1987-12-15,47992800,0,52007200
1987-12-22,47992800,0,52007200
1987-12-29,47992800,0,52007200
1988-01-05,47992800,0,52007200
1988-01-12,47992800,0,52007200
1988-01-19,47992800,0,52007200
1988-01-26,47992800,0,52007200
1988-02-02,47992800,0,52007200
1988-02-09,47992800,0,52007200
1988-02-16,47992800,0,52007200
1988-02-23,47992800,0,52007200
1988-03-01,47992800,0,52007200
1988-03-08,47992800,0,52007200
1988-03-15,47992800,0,52007200
1988-03-22,47992800,0,52007200
1988-03-29,47992800,0,52007200
1988-04-05,47992800,0,52007200
1988-04-12,47992800,0,52007200
1988-04-19,47992800,0,52007200
1988-04-26,47992800,0,52007200
1988-05-03,47992800,0,52007200
1988-05-10,47992800,0,52007200
1988-05-17,47992800,0,52007200
1988-05-24,47992800,0,52007200
1988-05-31,47992800,0,52007200
1988-06-07,47992800,0,52007200
1988-06-14,47992800,0,52007200
1988-06-21,47992800,0,52007200
1988-06-28,47992800,0,52007200
1988-07-05,47992800,0,52007200
1988-07-12,47992800,0,52007200
1988-07-19,47992800,0,52007200
1988-07-26,47992800,0,52007200
1988-08-02,47992800,0,52007200
1988-08-09,47992800,0,52007200
1988-08-16,47992800,0,52007200
1988-08-23,47992800,0,52007200
1988-08-30,47992800,0,52007200
1988-09-06,47992800,0,52007200
1988-09-13,47992800,0,52007200
1988-09-20,47992800,0,52007200
1988-09-27,47992800,0,52007200
1988-10-04,47992800,0,52007200
1988-10-11,47992800,0,52007200
1988-10-18,47992800,0,52007200
1988-10-25,47992800,0,52007200
1988-11-01,47992800,0,52007200
1988-11-08,47992800,0,52007200
1988-11-15,47992800,0,52007200
1988-11-22,47992800,0,52007200
1988-11-29,47992800,0,52007200
1988-12-06,47992800,0,52007200
1988-12-13,47992800,0,52007200
1988-12-20,47992800,0,52007200
1988-12-27,47992800,0,52007200
1989-01-03,47992800,0,52007200
1989-01-10,47992800,0,52007200
1989-01-17,47992800,0,52007200
1989-01-24,47992800,0,52007200
1989-01-31,47992800,0,52007200
1989-02-07,47992800,0,52007200
1989-02-14,47992800,0,52007200
1989-02-21,47992800,0,52007200
1989-02-28,47992800,0,52007200
1989-03-07,47992800,0,52007200
1989-03-14,47992800,0,52007200
1989-03-21,47992800,0,52007200
1989-03-28,47992800,0,52007200
1989-04-04,47992800,0,52007200
1989-04-11,47992800,0,52007200
1989-04-18,47992800,0,52007200
1989-04-25,47992800,0,52007200
1989-05-02,47992800,0,52007200
1989-05-09,47992800,0,52007200
1989-05-16,47992800,0,52007200
1989-05-23,47992800,0,52007200
1989-05-30,47992800,0,52007200
1989-06-06,47992800,0,52007200
1989-06-13,47992800,0,52007200
1989-06-20,47992800,0,52007200
1989-06-27,47992800,0,52007200
1989-07-04,47992800,0,52007200
1989-07-11,47992800,0,52007200
1989-07-18,47992800,0,52007200
1989-07-25,47992800,0,52007200
1989-08-01,47992800,0,52007200
1989-08-08,47992800,0,52007200
1989-08-15,47992800,0,52007200
1989-08-22,47992800,0,52007200
1989-08-29,47992800,0,52007200
1989-09-05,47992800,0,52007200
1989-09-12,47992800,0,52007200
1989-09-19,47992800,0,52007200
1989-09-26,47992800,0,52007200
1989-10-03,47992800,0,52007200
1989-10-10,47992800,0,52007200
1989-10-17,47992800,0,52007200
1989-10-24,47992800,0,52007200
1989-10-31,47992800,0,52007200
1989-11-07,47992800,0,52007200
1989-11-14,47992800,0,52007200
1989-11-21,47992800,0,52007200
1989-11-28,47992800,0,52007200
1989-12-05,47992800,0,52007200
1989-12-12,47992800,0,52007200
1989-12-19,47992800,0,52007200
1989-12-26,47992800,0,52007200
1990-01-02,47992800,0,52007200
1990-01-09,47992800,0,52007200
1990-01-16,47992800,0,52007200
1990-01-23,47992800,0,52007200
1990-01-30,47992800,0,52007200
1990-02-06,47992800,0,52007200
1990-02-13,47992800,0,52007200
1990-02-20,47992800,0,52007200
1990-02-27,47992800,0,52007200
1990-03-06,47992800,0,52007200
1990-03-13,47992800,0,52007200
1990-03-20,47992800,0,52007200
1990-03-27,47992800,0,52007200
1990-04-03,47992800,0,52007200
1990-04-10,47992800,0,52007200
1990-04-17,47992800,0,52007200
1990-04-24,47992800,0,52007200
1990-05-01,47992800,0,52007200
1990-05-08,47992800,0,52007200
1990-05-15,47992800,0,52007200
1990-05-22,47992800,0,52007200
1990-05-29,47992800,0,52007200
1990-06-05,47992800,0,52007200
1990-06-12,47992800,0,52007200
1990-06-19,47992800,0,52007200
1990-06-26,47992800,0,52007200
1990-07-03,47992800,0,52007200
1990-07-10,47992800,0,52007200
1990-07-17,47992800,0,52007200
1990-07-24,47992800,0,52007200
1990-07-31,47992800,0,52007200
1990-08-07,47992800,0,52007200
1990-08-14,47992800,0,52007200
1990-08-21,47992800,0,52007200
1990-08-28,47992800,0,52007200
1990-09-04,47992800,0,52007200
1990-09-11,47992800,0,52007200
1990-09-18,47992800,0,52007200
1990-09-25,47992800,0,52007200
1990-10-02,47992800,0,52007200
1990-10-09,47992800,0,52007200
1990-10-16,47992800,0,52007200
1990-10-23,47992800,0,52007200
1990-10-30,47992800,0,52007200
1990-11-06,47992800,0,52007200
1990-11-13,47992800,0,52007200
1990-11-20,47992800,0,52007200
1990-11-27,47992800,0,52007200
1990-12-04,47992800,0,52007200
1990-12-11,47992800,0,52007200
1990-12-18,47992800,0,52007200
1990-12-25,47992800,0,52007200
1991-01-01,47992800,0,52007200
1991-01-08,47992800,0,52007200
1991-01-15,47992800,0,52007200
1991-01-22,47992800,0,52007200
1991-01-29,47992800,0,52007200
1991-02-05,47992800,0,52007200
1991-02-12,47992800,0,52007200
1991-02-19,47992800,0,52007200
1991-02-26,47992800,0,52007200
1991-03-05,47992800,0,52007200
1991-03-12,47992800,0,52007200
1991-03-19,47992800,0,52007200
1991-03-26,47992800,0,52007200
1991-04-02,47992800,0,52007200
1991-04-09,47992800,0,52007200
1991-04-16,47992800,0,52007200
1991-04-23,47992800,0,52007200
1991-04-30,47992800,0,52007200
1991-05-07,47992800,0,52007200
1991-05-14,47992800,0,52007200
1991-05-21,47992800,0,52007200
1991-05-28,47992800,0,52007200
1991-06-04,47992800,0,52007200
1991-06-11,47992800,0,52007200
1991-06-18,47992800,0,52007200
1991-06-25,47992800,0,52007200
1991-07-02,47992800,0,52007200
1991-07-09,47992800,0,52007200
1991-07-16,47992800,0,52007200
1991-07-23,47992800,0,52007200
1991-07-30,47992800,0,52007200
1991-08-06,47992800,0,52007200
1991-08-13,47992800,0,52007200
1991-08-20,47992800,0,52007200
1991-08-27,47992800,0,52007200
1991-09-03,47992800,0,52007200
1991-09-10,47992800,0,52007200
1991-09-17,47992800,0,52007200
1991-09-24,47992800,0,52007200
1991-10-01,47992800,0,52007200
1991-10-08,47992800,0,52007200
1991-10-15,47992800,0,52007200
1991-10-22,47992800,0,52007200
1991-10-29,47992800,0,52007200
1991-11-05,47992800,0,52007200
1991-11-12,47992800,0,52007200
1991-11-19,47992800,0,52007200
1991-11-26,47992800,0,52007200
1991-12-03,47992800,0,52007200
1991-12-10,47992800,0,52007200
1991-12-17,47992800,0,52007200
1991-12-24,47992800,0,52007200
1991-12-31,47992800,0,52007200
1992-01-07,47992800,0,52007200
1992-01-14,47992800,0,52007200
1992-01-21,47992800,0,52007200
1992-01-28,47992800,0,52007200
1992-02-04,47992800,0,52007200
1992-02-11,47992800,0,52007200
1992-02-18,47992800,0,52007200
1992-02-25,47992800,0,52007200
1992-03-03,47992800,0,52007200
1992-03-10,47992800,0,52007200
1992-03-17,47992800,0,52007200
1992-03-24,47992800,0,52007200
1992-03-31,47992800,0,52007200
1992-04-07,47992800,0,52007200
1992-04-14,47992800,0,52007200
1992-04-21,47992800,0,52007200
1992-04-28,47992800,0,52007200
1992-05-05,47992800,0,52007200
1992-05-12,47992800,0,52007200
1992-05-19,47992800,0,52007200
1992-05-26,47992800,0,52007200
1992-06-02,47992800,0,52007200
1992-06-09,47992800,0,52007200
1992-06-16,47992800,0,52007200
1992-06-23,47992800,0,52007200
1992-06-30,47992800,0,52007200
1992-07-07,47992800,0,52007200
1992-07-14,47992800,0,52007200
1992-07-21,47992800,0,52007200
1992-07-28,47992800,0,52007200
1992-08-04,47992800,0,52007200
1992-08-11,47992800,0,52007200
1992-08-18,47992800,0,52007200
1992-08-25,47992800,0,52007200
1992-09-01,47992800,0,52007200
1992-09-08,47992800,0,52007200
1992-09-15,47992800,0,52007200
1992-09-22,47992800,0,52007200
1992-09-29,47992800,0,52007200
1992-10-06,47992800,0,52007200
1992-10-13,47992800,0,52007200
1992-10-20,47992800,0,52007200
1992-10-27,47992800,0,52007200
1992-11-03,47992800,0,52007200
1992-11-10,47992800,0,52007200
1992-11-17,47992800,0,52007200
1992-11-24,47992800,0,52007200
1992-12-01,47992800,0,52007200
1992-12-08,47992800,0,52007200
1992-12-15,47992800,0,52007200
1992-12-22,47992800,0,52007200
1992-12-29,47992800,0,52007200
1993-01-05,47992800,0,52007200
1993-01-12,47992800,0,52007200
1993-01-19,47992800,0,52007200
1993-01-26,47992800,0,52007200
1993-02-02,47992800,0,52007200
1993-02-09,47992800,0,52007200
1993-02-16,47992800,0,52007200
1993-02-23,47992800,0,52007200
1993-03-02,47992800,0,52007200
1993-03-09,47992800,0,52007200
1993-03-16,47992800,0,52007200
1993-03-23,47992800,0,52007200
1993-03-30,47992800,0,52007200
1993-04-06,47992800,0,52007200
1993-04-13,47992800,0,52007200
1993-04-20,47992800,0,52007200
1993-04-27,47992800,0,52007200
1993-05-04,47992800,0,52007200
1993-05-11,47992800,0,52007200
1993-05-18,47992800,0,52007200
1993-05-25,47992800,0,52007200
1993-06-01,47992800,0,52007200
1993-06-08,47992800,0,52007200
1993-06-15,47992800,0,52007200
1993-06-22,47992800,0,52007200
1993-06-29,47992800,0,52007200
1993-07-06,47992800,0,52007200
1993-07-13,47992800,0,52007200
1993-07-20,47992800,0,52007200
1993-07-27,47992800,0,52007200
1993-08-03,47992800,0,52007200
1993-08-10,47992800,0,52007200
1993-08-17,47992800,0,52007200
1993-08-24,47992800,0,52007200
1993-08-31,47992800,0,52007200
1993-09-07,47992800,0,52007200
1993-09-14,47992800,0,52007200
1993-09-21,47992800,0,52007200
1993-09-28,47992800,0,52007200
1993-10-05,47992800,0,52007200
1993-10-12,47992800,0,52007200
1993-10-19,47992800,0,52007200
1993-10-26,47992800,0,52007200
1993-11-02,47992800,0,52007200
1993-11-09,47992800,0,52007200
1993-11-16,47992800,0,52007200
1993-11-23,47992800,0,52007200
1993-11-30,47992800,0,52007200
1993-12-07,47992800,0,52007200
1993-12-14,47992800,0,52007200
1993-12-21,47992800,0,52007200
1993-12-28,47992800,0,52007200
1994-01-04,47992800,0,52007200
1994-01-11,47992800,0,52007200
1994-01-18,47992800,0,52007200
1994-01-25,47992800,0,52007200
1994-02-01,47992800,0,52007200
1994-02-08,47992800,0,52007200
1994-02-15,47992800,0,52007200
1994-02-22,47992800,0,52007200
1994-03-01,47992800,0,52007200
1994-03-08,47992800,0,52007200
1994-03-15,47992800,0,52007200
1994-03-22,47992800,0,52007200
1994-03-29,47992800,0,52007200
1994-04-05,47992800,0,52007200
1994-04-12,47992800,0,52007200
1994-04-19,47992800,0,52007200
1994-04-26,47992800,0,52007200
1994-05-03,47992800,0,52007200
1994-05-10,47992800,0,52007200
1994-05-17,47992800,0,52007200
1994-05-24,47992800,0,52007200
1994-05-31,47992800,0,52007200
1994-06-07,47992800,0,52007200
1994-06-14,47992800,0,52007200
1994-06-21,47992800,0,52007200
1994-06-28,47992800,0,52007200
1994-07-05,47992800,0,52007200
1994-07-12,47992800,0,52007200
1994-07-19,47992800,0,52007200
1994-07-26,47992800,0,52007200
1994-08-02,47992800,0,52007200
1994-08-09,47992800,0,52007200
1994-08-16,47992800,0,52007200
1994-08-23,47992800,0,52007200
1994-08-30,47992800,0,52007200
1994-09-06,47992800,0,52007200
1994-09-13,47992800,0,52007200
1994-09-20,47992800,0,52007200
1994-09-27,47992800,0,52007200
1994-10-04,47992800,0,52007200
1994-10-11,47992800,0,52007200
1994-10-18,47992800,0,52007200
1994-10-25,47992800,0,52007200
1994-11-01,47992800,0,52007200
1994-11-08,47992800,0,52007200
1994-11-15,47992800,0,52007200
1994-11-22,47992800,0,52007200
1994-11-29,47992800,0,52007200
1994-12-06,47992800,0,52007200
1994-12-13,47992800,0,52007200
1994-12-20,47992800,0,52007200
1994-12-27,47992800,0,52007200
1995-01-03,47992800,0,52007200
1995-01-10,47992800,0,52007200
1995-01-17,47992800,0,52007200
1995-01-24,47992800,0,52007200
1995-01-31,47992800,0,52007200
1995-02-07,47992800,0,52007200
1995-02-14,47992800,0,52007200
1995-02-21,47992800,0,52007200
1995-02-28,47992800,0,52007200
1995-03-07,47992800,0,52007200
1995-03-14,47992800,0,52007200
1995-03-21,47992800,0,52007200
1995-03-28,47992800,0,52007200
1995-04-04,47992800,0,52007200
1995-04-11,47992800,0,52007200
1995-04-18,47992800,0,52007200
1995-04-25,47992800,0,52007200
1995-05-02,47992800,0,52007200
1995-05-09,47992800,0,52007200
1995-05-16,47992800,0,52007200
1995-05-23,47992800,0,52007200
1995-05-30,47992800,0,52007200
1995-06-06,47992800,0,52007200
1995-06-13,47992800,0,52007200
1995-06-20,47992800,0,52007200
1995-06-27,47992800,0,52007200
1995-07-04,47992800,0,52007200
1995-07-11,47992800,0,52007200
1995-07-18,47992800,0,52007200
1995-07-25,47992800,0,52007200
1995-08-01,47992800,0,52007200
1995-08-08,47992800,0,52007200
1995-08-15,47992800,0,52007200
1995-08-22,47992800,0,52007200
1995-08-29,47992800,0,52007200
1995-09-05,47992800,0,52007200
1995-09-12,47992800,0,52007200
1995-09-19,47992800,0,52007200
1995-09-26,47992800,0,52007200
1995-10-03,47992800,0,52007200
1995-10-10,47992800,0,52007200
1995-10-17,47992800,0,52007200
1995-10-24,47992800,0,52007200
1995-10-31,47992800,0,52007200
1995-11-07,47992800,0,52007200
1995-11-14,47992800,0,52007200
1995-11-21,47992800,0,52007200
1995-11-28,47992800,0,52007200
1995-12-05,47992800,0,52007200
1995-12-12,47992800,0,52007200
1995-12-19,47992800,0,52007200
1995-12-26,47992800,0,52007200
1996-01-02,47992800,0,52007200
1996-01-09,47992800,0,52007200
1996-01-16,47992800,0,52007200
1996-01-23,47992800,0,52007200
1996-01-30,47992800,0,52007200
1996-02-06,47992800,0,52007200
1996-02-13,47992800,0,52007200
1996-02-20,47992800,0,52007200
1996-02-27,47992800,0,52007200
1996-03-05,47992800,0,52007200
1996-03-12,47992800,0,52007200
1996-03-19,47992800,0,52007200
1996-03-26,47992800,0,52007200
1996-04-02,47992800,0,52007200
1996-04-09,47992800,0,52007200
1996-04-16,47992800,0,52007200
1996-04-23,47992800,0,52007200
1996-04-30,47992800,0,52007200
1996-05-07,47992800,0,52007200
1996-05-14,47992800,0,52007200
1996-05-21,47992800,0,52007200
1996-05-28,47992800,0,52007200
1996-06-04,47992800,0,52007200
1996-06-11,47992800,0,52007200
1996-06-18,47992800,0,52007200
1996-06-25,47992800,0,52007200
1996-07-02,47992800,0,52007200
1996-07-09,47992800,0,52007200
1996-07-16,47992800,0,52007200
1996-07-23,47992800,0,52007200
1996-07-30,47992800,0,52007200
1996-08-06,47992800,0,52007200
1996-08-13,47992800,0,52007200
1996-08-20,47992800,0,52007200
1996-08-27,47992800,0,52007200
1996-09-03,47992800,0,52007200
1996-09-10,47992800,0,52007200
1996-09-17,47992800,0,52007200
1996-09-24,47992800,0,52007200
1996-10-01,47992800,0,52007200
1996-10-08,47992800,0,52007200
1996-10-15,47992800,0,52007200
1996-10-22,47992800,0,52007200
1996-10-29,47992800,0,52007200
1996-11-05,47992800,0,52007200
1996-11-12,47992800,0,52007200
1996-11-19,47992800,0,52007200
1996-11-26,47992800,0,52007200
1996-12-03,47992800,0,52007200
1996-12-10,47992800,0,52007200
1996-12-17,47992800,0,52007200
1996-12-24,47992800,0,52007200
1996-12-31,47992800,0,52007200
1997-01-07,47992800,0,52007200
1997-01-14,47992800,0,52007200
1997-01-21,47992800,0,52007200
1997-01-28,47992800,0,52007200
1997-02-04,47992800,0,52007200
1997-02-11,47992800,0,52007200
1997-02-18,47992800,0,52007200
1997-02-25,47992800,0,52007200
1997-03-04,47992800,0,52007200
1997-03-11,47992800,0,52007200
1997-03-18,47992800,0,52007200
1997-03-25,47992800,0,52007200
1997-04-01,47992800,0,52007200
1997-04-08,47992800,0,52007200
1997-04-15,47992800,0,52007200
1997-04-22,47992800,0,52007200
1997-04-29,47992800,0,52007200
1997-05-06,47992800,0,52007200
1997-05-13,47992800,0,52007200
1997-05-20,47992800,0,52007200
1997-05-27,47992800,0,52007200
1997-06-03,47992800,0,52007200
1997-06-10,47992800,0,52007200
1997-06-17,47992800,0,52007200
1997-06-24,47992800,0,52007200
1997-07-01,47992800,0,52007200
1997-07-08,47992800,0,52007200
1997-07-15,47992800,0,52007200
1997-07-22,47992800,0,52007200
1997-07-29,47992800,0,52007200
1997-08-05,47992800,0,52007200
1997-08-12,47992800,0,52007200
1997-08-19,47992800,0,52007200
1997-08-26,47992800,0,52007200
1997-09-02,47992800,0,52007200
1997-09-09,47992800,0,52007200
1997-09-16,47992800,0,52007200
1997-09-23,47992800,0,52007200
1997-09-30,47992800,0,52007200
1997-10-07,47992800,0,52007200
1997-10-14,47992800,0,52007200
1997-10-21,47992800,0,52007200
1997-10-28,47992800,0,52007200
1997-11-04,47992800,0,52007200
1997-11-11,47992800,0,52007200
1997-11-18,47992800,0,52007200
1997-11-25,47992800,0,52007200
1997-12-02,47992800,0,52007200
1997-12-09,47992800,0,52007200
1997-12-16,47992800,0,52007200
1997-12-23,47992800,0,52007200
1997-12-30,47992800,0,52007200
1998-01-06,47992800,0,52007200
1998-01-13,47992800,0,52007200
1998-01-20,47992800,0,52007200
1998-01-27,47992800,0,52007200
1998-02-03,47992800,0,52007200
1998-02-10,47992800,0,52007200
1998-02-17,47992800,0,52007200
1998-02-24,47992800,0,52007200
1998-03-03,47992800,0,52007200
1998-03-10,47992800,0,52007200
1998-03-17,47992800,0,52007200
1998-03-24,47992800,0,52007200
1998-03-31,47992800,0,52007200
1998-04-07,47992800,0,52007200
1998-04-14,47992800,0,52007200
1998-04-21,47992800,0,52007200
1998-04-28,47992800,0,52007200
1998-05-05,47992800,0,52007200
1998-05-12,47992800,0,52007200
1998-05-19,47992800,0,52007200
1998-05-26,47992800,0,52007200
1998-06-02,47992800,0,52007200
1998-06-09,47992800,0,52007200
1998-06-16,47992800,0,52007200
1998-06-23,47992800,0,52007200
1998-06-30,47992800,0,52007200
1998-07-07,47992800,0,52007200
1998-07-14,47992800,0,52007200
1998-07-21,47992800,0,52007200
1998-07-28,47992800,0,52007200
1998-08-04,47992800,0,52007200
1998-08-11,47992800,0,52007200
1998-08-18,47992800,0,52007200
1998-08-25,47992800,0,52007200
1998-09-01,47992800,0,52007200
1998-09-08,47992800,0,52007200
1998-09-15,47992800,0,52007200
1998-09-22,47992800,0,52007200
1998-09-29,47992800,0,52007200
1998-10-06,47992800,0,52007200
1998-10-13,47992800,0,52007200
1998-10-20,47992800,0,52007200
1998-10-27,47992800,0,52007200
1998-11-03,47992800,0,52007200
1998-11-10,47992800,0,52007200
1998-11-17,47992800,0,52007200
1998-11-24,47992800,0,52007200
1998-12-01,47992800,0,52007200
1998-12-08,47992800,0,52007200
1998-12-15,47992800,0,52007200
1998-12-22,47992800,0,52007200
1998-12-29,47992800,0,52007200
1999-01-05,47992800,0,52007200
1999-01-12,47992800,0,52007200
1999-01-19,47992800,0,52007200
1999-01-26,47992800,0,52007200
1999-02-02,47992800,0,52007200
1999-02-09,47992800,0,52007200
1999-02-16,47992800,0,52007200
1999-02-23,47992800,0,52007200
1999-03-02,47992800,0,52007200
1999-03-09,47992800,0,52007200
1999-03-16,47992800,0,52007200
1999-03-23,47992800,0,52007200
1999-03-30,47992800,0,52007200
1999-04-06,47992800,0,52007200
1999-04-13,47992800,0,52007200
1999-04-20,47992800,0,52007200
1999-04-27,47992800,0,52007200
1999-05-04,47992800,0,52007200
1999-05-11,47992800,0,52007200
1999-05-18,47992800,0,52007200
1999-05-25,47992800,0,52007200
1999-06-01,47992800,0,52007200
1999-06-08,47992800,0,52007200
1999-06-15,47992800,0,52007200
1999-06-22,47992800,0,52007200
1999-06-29,47992800,0,52007200
1999-07-06,47992800,0,52007200
1999-07-13,47992800,0,52007200
1999-07-20,47992800,0,52007200
1999-07-27,47992800,0,52007200
1999-08-03,47992800,0,52007200
1999-08-10,47992800,0,52007200
1999-08-17,47992800,0,52007200
1999-08-24,47992800,0,52007200
1999-08-31,47992800,0,52007200
1999-09-07,47992800,0,52007200
1999-09-14,47992800,0,52007200
1999-09-21,47992800,0,52007200
1999-09-28,47992800,0,52007200
1999-10-05,47992800,0,52007200
1999-10-12,47992800,0,52007200
1999-10-19,47992800,0,52007200
1999-10-26,47992800,0,52007200
1999-11-02,47992800,0,52007200
1999-11-09,47992800,0,52007200
1999-11-16,47992800,0,52007200
1999-11-23,47992800,0,52007200
1999-11-30,47992800,0,52007200
1999-12-07,47992800,0,52007200
1999-12-14,47992800,0,52007200
1999-12-21,47992800,0,52007200
1999-12-28,47992800,0,52007200
2000-01-04,47992800,0,52007200
2000-01-11,47992800,0,52007200
2000-01-18,47992800,0,52007200
2000-01-25,47992800,0,52007200
2000-02-01,47992800,0,52007200
2000-02-08,47992800,0,52007200
2000-02-15,47992800,0,52007200
2000-02-22,47992800,0,52007200
2000-02-29,47992800,0,52007200
2000-03-07,47992800,0,52007200
2000-03-14,47992800,0,52007200
2000-03-21,47992800,0,52007200
2000-03-28,47992800,0,52007200
2000-04-04,47992800,0,52007200
2000-04-11,47992800,0,52007200
2000-04-18,47992800,0,52007200
2000-04-25,47992800,0,52007200
2000-05-02,47992800,0,52007200
2000-05-09,47992800,0,52007200
2000-05-16,47992800,0,52007200
2000-05-23,47992800,0,52007200
2000-05-30,47992800,0,52007200
2000-06-06,47992800,0,52007200
2000-06-13,47992800,0,52007200
2000-06-20,47992800,0,52007200
2000-06-27,47992800,0,52007200
2000-07-04,47992800,0,52007200
2000-07-11,47992800,0,52007200
2000-07-18,47992800,0,52007200
2000-07-25,47992800,0,52007200
2000-08-01,47992800,0,52007200
2000-08-08,47992800,0,52007200
2000-08-15,47992800,0,52007200
2000-08-22,47992800,0,52007200
2000-08-29,47992800,0,52007200
2000-09-05,47992800,0,52007200
2000-09-12,47992800,0,52007200
2000-09-19,47992800,0,52007200
2000-09-26,47992800,0,52007200
2000-10-03,47992800,0,52007200
2000-10-10,47992800,0,52007200
2000-10-17,47992800,0,52007200
2000-10-24,47992800,0,52007200
2000-10-31,47992800,0,52007200
2000-11-07,47992800,0,52007200
2000-11-14,47992800,0,52007200
2000-11-21,47992800,0,52007200
2000-11-28,47992800,0,52007200
2000-12-05,47992800,0,52007200
2000-12-12,47992800,0,52007200
2000-12-19,47992800,0,52007200
2000-12-26,47992800,0,52007200
2001-01-02,47992800,0,52007200
2001-01-09,47992800,0,52007200
2001-01-16,47992800,0,52007200
2001-01-23,47992800,0,52007200
2001-01-30,47992800,0,52007200
2001-02-06,47992800,0,52007200
2001-02-13,47992800,0,52007200
2001-02-20,47992800,0,52007200
2001-02-27,47992800,0,52007200
2001-03-06,47992800,0,52007200
2001-03-13,47992800,0,52007200
2001-03-20,47992800,0,52007200
2001-03-27,47992800,0,52007200
2001-04-03,47992800,0,52007200
2001-04-10,47992800,0,52007200
2001-04-17,47992800,0,52007200
2001-04-24,47992800,0,52007200
2001-05-01,47992800,0,52007200
2001-05-08,47992800,0,52007200
2001-05-15,47992800,0,52007200
2001-05-22,47992800,0,52007200
2001-05-29,47992800,0,52007200
2001-06-05,47992800,0,52007200
2001-06-12,47992800,0,52007200
2001-06-19,47992800,0,52007200
2001-06-26,47992800,0,52007200
2001-07-03,47992800,0,52007200
2001-07-10,47992800,0,52007200
2001-07-17,47992800,0,52007200
2001-07-24,47992800,0,52007200
2001-07-31,47992800,0,52007200
2001-08-07,47992800,0,52007200
2001-08-14,47992800,0,52007200
2001-08-21,47992800,0,52007200
2001-08-28,47992800,0,52007200
2001-09-04,47992800,0,52007200
2001-09-11,47992800,0,52007200
2001-09-18,47992800,0,52007200
2001-09-25,47992800,0,52007200
2001-10-02,47992800,0,52007200
2001-10-09,47992800,0,52007200
2001-10-16,47992800,0,52007200
2001-10-23,47992800,0,52007200
2001-10-30,47992800,0,52007200
2001-11-06,47992800,0,52007200
2001-11-13,47992800,0,52007200
2001-11-20,47992800,0,52007200
2001-11-27,47992800,0,52007200
2001-12-04,47992800,0,52007200
2001-12-11,47992800,0,52007200
2001-12-18,47992800,0,52007200
2001-12-25,47992800,0,52007200
2002-01-01,47992800,0,52007200
2002-01-08,47992800,0,52007200
2002-01-15,47992800,0,52007200
2002-01-22,47992800,0,52007200
2002-01-29,47992800,0,52007200
2002-02-05,47992800,0,52007200
2002-02-12,47992800,0,52007200
2002-02-19,47992800,0,52007200
2002-02-26,47992800,0,52007200
2002-03-05,47992800,0,52007200
2002-03-12,47992800,0,52007200
2002-03-19,47992800,0,52007200
2002-03-26,47992800,0,52007200
2002-04-02,47992800,0,52007200
2002-04-09,47992800,0,52007200
2002-04-16,47992800,0,52007200
2002-04-23,47992800,0,52007200
2002-04-30,47992800,0,52007200
2002-05-07,47992800,0,52007200
2002-05-14,47992800,0,52007200
2002-05-21,47992800,0,52007200
2002-05-28,47992800,0,52007200
2002-06-04,47992800,0,52007200
2002-06-11,47992800,0,52007200
2002-06-18,47992800,0,52007200
2002-06-25,47992800,0,52007200
2002-07-02,47992800,0,52007200
2002-07-09,47992800,0,52007200
2002-07-16,47992800,0,52007200
2002-07-23,47992800,0,52007200
2002-07-30,47992800,0,52007200
2002-08-06,47992800,0,52007200
2002-08-13,47992800,0,52007200
2002-08-20,47992800,0,52007200
2002-08-27,47992800,0,52007200
2002-09-03,47992800,0,52007200
2002-09-10,47992800,0,52007200
2002-09-17,47992800,0,52007200
2002-09-24,47992800,0,52007200
2002-10-01,47992800,0,52007200
2002-10-08,47992800,0,52007200
2002-10-15,47992800,0,52007200
2002-10-22,47992800,0,52007200
2002-10-29,47992800,0,52007200
2002-11-05,47992800,0,52007200
2002-11-12,47992800,0,52007200
2002-11-19,47992800,0,52007200
2002-11-26,47992800,0,52007200
2002-12-03,47992800,0,52007200
2002-12-10,47992800,0,52007200
2002-12-17,47992800,0,52007200
2002-12-24,47992800,0,52007200
2002-12-31,47992800,0,52007200
2003-01-07,47992800,0,52007200
2003-01-14,47992800,0,52007200
2003-01-21,47992800,0,52007200
2003-01-28,47992800,0,52007200
2003-02-04,47992800,0,52007200
2003-02-11,47992800,0,52007200
2003-02-18,47992800,0,52007200
2003-02-25,47992800,0,52007200
2003-03-04,47992800,0,52007200
2003-03-11,47992800,0,52007200
2003-03-18,47992800,0,52007200
2003-03-25,47992800,0,52007200
2003-04-01,47992800,0,52007200
2003-04-08,47992800,0,52007200
2003-04-15,47992800,0,52007200
2003-04-22,47992800,0,52007200
2003-04-29,47992800,0,52007200
2003-05-06,47992800,0,52007200
2003-05-13,47992800,0,52007200
2003-05-20,47992800,0,52007200
2003-05-27,47992800,0,52007200
2003-06-03,47992800,0,52007200
2003-06-10,47992800,0,52007200
2003-06-17,47992800,0,52007200
2003-06-24,47992800,0,52007200
2003-07-01,47992800,0,52007200
2003-07-08,47992800,0,52007200
2003-07-15,47992800,0,52007200
2003-07-22,47992800,0,52007200
2003-07-29,47992800,0,52007200
2003-08-05,47992800,0,52007200
2003-08-12,47992800,0,52007200
2003-08-19,47992800,0,52007200
2003-08-26,47992800,0,52007200
2003-09-02,47992800,0,52007200
2003-09-09,47992800,0,52007200
2003-09-16,47992800,0,52007200
2003-09-23,47992800,0,52007200
2003-09-30,47992800,0,52007200
2003-10-07,47992800,0,52007200
2003-10-14,47992800,0,52007200
2003-10-21,47992800,0,52007200
2003-10-28,47992800,0,52007200
2003-11-04,47992800,0,52007200
2003-11-11,47992800,0,52007200
2003-11-18,47992800,0,52007200
2003-11-25,47992800,0,52007200
2003-12-02,47992800,0,52007200
2003-12-09,47992800,0,52007200
2003-12-16,47992800,0,52007200
2003-12-23,47992800,0,52007200
2003-12-30,47992800,0,52007200
2004-01-06,47992800,0,52007200
2004-01-13,47992800,0,52007200
2004-01-20,47992800,0,52007200
2004-01-27,47992800,0,52007200
2004-02-03,47992800,0,52007200
2004-02-10,47992800,0,52007200
2004-02-17,47992800,0,52007200
2004-02-24,47992800,0,52007200
2004-03-02,47992800,0,52007200
2004-03-09,47992800,0,52007200
2004-03-16,47992800,0,52007200
2004-03-23,47992800,0,52007200
2004-03-30,47992800,0,52007200
2004-04-06,47992800,0,52007200
2004-04-13,47992800,0,52007200
2004-04-20,47992800,0,52007200
2004-04-27,47992800,0,52007200
2004-05-04,47992800,0,52007200
2004-05-11,47992800,0,52007200
2004-05-18,47992800,0,52007200
2004-05-25,47992800,0,52007200
2004-06-01,47992800,0,52007200
2004-06-08,47992800,0,52007200
2004-06-15,47992800,0,52007200
2004-06-22,47992800,0,52007200
2004-06-29,47992800,0,52007200
2004-07-06,47992800,0,52007200
2004-07-13,47992800,0,52007200
2004-07-20,47992800,0,52007200
2004-07-27,47992800,0,52007200
2004-08-03,47992800,0,52007200
2004-08-10,47992800,0,52007200
2004-08-17,47992800,0,52007200
2004-08-24,47992800,0,52007200
2004-08-31,47992800,0,52007200
2004-09-07,47992800,0,52007200
2004-09-14,47992800,0,52007200
2004-09-21,47992800,0,52007200
2004-09-28,47992800,0,52007200
2004-10-05,47992800,0,52007200
2004-10-12,47992800,0,52007200
2004-10-19,47992800,0,52007200
2004-10-26,47992800,0,52007200
2004-11-02,47992800,0,52007200
2004-11-09,47992800,0,52007200
2004-11-16,47992800,0,52007200
2004-11-23,47992800,0,52007200
2004-11-30,47992800,0,52007200
2004-12-07,47992800,0,52007200
2004-12-14,47992800,0,52007200
2004-12-21,47992800,0,52007200
2004-12-28,47992800,0,52007200
2005-01-04,47992800,0,52007200
2005-01-11,47992800,0,52007200
2005-01-18,47992800,0,52007200
2005-01-25,47992800,0,52007200
2005-02-01,47992800,0,52007200
2005-02-08,47992800,0,52007200
2005-02-15,47992800,0,52007200
2005-02-22,47992800,0,52007200
2005-03-01,47992800,0,52007200
2005-03-08,47992800,0,52007200
2005-03-15,47992800,0,52007200
2005-03-22,47992800,0,52007200
2005-03-29,47992800,0,52007200
2005-04-05,47992800,0,52007200
2005-04-12,47992800,0,52007200
2005-04-19,47992800,0,52007200
2005-04-26,47992800,0,52007200
2005-05-03,47992800,0,52007200
2005-05-10,47992800,0,52007200
2005-05-17,47992800,0,52007200
2005-05-24,47992800,0,52007200
2005-05-31,47992800,0,52007200
2005-06-07,47992800,0,52007200
2005-06-14,47992800,0,52007200
2005-06-21,47992800,0,52007200
2005-06-28,47992800,0,52007200
2005-07-05,47992800,0,52007200
2005-07-12,47992800,0,52007200
2005-07-19,47992800,0,52007200
2005-07-26,47992800,0,52007200
2005-08-02,47992800,0,52007200
2005-08-09,47992800,0,52007200
2005-08-16,47992800,0,52007200
2005-08-23,47992800,0,52007200
2005-08-30,47992800,0,52007200
2005-09-06,47992800,0,52007200
2005-09-13,47992800,0,52007200
2005-09-20,47992800,0,52007200
2005-09-27,47992800,0,52007200
2005-10-04,47992800,0,52007200
2005-10-11,47992800,0,52007200
2005-10-18,47992800,0,52007200
2005-10-25,47992800,0,52007200
2005-11-01,47992800,0,52007200
2005-11-08,47992800,0,52007200
2005-11-15,47992800,0,52007200
2005-11-22,47992800,0,52007200
2005-11-29,47992800,0,52007200
2005-12-06,47992800,0,52007200
2005-12-13,47992800,0,52007200
2005-12-20,47992800,0,52007200
2005-12-27,47992800,0,52007200
2006-01-03,47992800,0,52007200
2006-01-10,47992800,0,52007200
2006-01-17,47992800,0,52007200
2006-01-24,47992800,0,52007200
2006-01-31,47992800,0,52007200
2006-02-07,47992800,0,52007200
2006-02-14,47992800,0,52007200
2006-02-21,47992800,0,52007200
2006-02-28,47992800,0,52007200
2006-03-07,47992800,0,52007200
2006-03-14,47992800,0,52007200
2006-03-21,47992800,0,52007200
2006-03-28,47992800,0,52007200
2006-04-04,47992800,0,52007200
2006-04-11,47992800,0,52007200
2006-04-18,47992800,0,52007200
2006-04-25,47992800,0,52007200
2006-05-02,47992800,0,52007200
2006-05-09,47992800,0,52007200
2006-05-16,47992800,0,52007200
2006-05-23,47992800,0,52007200
2006-05-30,47992800,0,52007200
2006-06-06,47992800,0,52007200
2006-06-13,47992800,0,52007200
2006-06-20,47992800,0,52007200
2006-06-27,47992800,0,52007200
2006-07-04,47992800,0,52007200
2006-07-11,47992800,0,52007200
2006-07-18,47992800,0,52007200
2006-07-25,47992800,0,52007200
2006-08-01,47992800,0,52007200
2006-08-08,47992800,0,52007200
2006-08-15,47992800,0,52007200
2006-08-22,47992800,0,52007200
2006-08-29,47992800,0,52007200
2006-09-05,47992800,0,52007200
2006-09-12,47992800,0,52007200
2006-09-19,47992800,0,52007200
2006-09-26,47992800,0,52007200
2006-10-03,47992800,0,52007200
2006-10-10,47992800,0,52007200
2006-10-17,47992800,0,52007200
2006-10-24,47992800,0,52007200
2006-10-31,47992800,0,52007200
2006-11-07,47992800,0,52007200
2006-11-14,47992800,0,52007200
2006-11-21,47992800,0,52007200
2006-11-28,47992800,0,52007200
2006-12-05,47992800,0,52007200
2006-12-12,47992800,0,52007200
2006-12-19,47992800,0,52007200
2006-12-26,47992800,0,52007200
2007-01-02,47992800,0,52007200
2007-01-09,47992800,0,52007200
2007-01-16,47992800,0,52007200
2007-01-23,47992800,0,52007200
2007-01-30,47992800,0,52007200
2007-02-06,47992800,0,52007200
2007-02-13,47992800,0,52007200
2007-02-20,47992800,0,52007200
2007-02-27,47992800,0,52007200
2007-03-06,47992800,0,52007200
2007-03-13,47992800,0,52007200
2007-03-20,47992800,0,52007200
2007-03-27,47992800,0,52007200
2007-04-03,47992800,0,52007200
2007-04-10,47992800,0,52007200
2007-04-17,47992800,0,52007200
2007-04-24,47992800,0,52007200
2007-05-01,47992800,0,52007200
2007-05-08,47992800,0,52007200
2007-05-15,47992800,0,52007200
2007-05-22,47992800,0,52007200
2007-05-29,47992800,0,52007200
2007-06-05,47992800,0,52007200
2007-06-12,47992800,0,52007200
2007-06-19,47992800,0,52007200
2007-06-26,47992800,0,52007200
2007-07-03,47992800,0,52007200
2007-07-10,47992800,0,52007200
2007-07-17,47992800,0,52007200
2007-07-24,47992800,0,52007200
2007-07-31,47992800,0,52007200
2007-08-07,47992800,0,52007200
2007-08-14,47992800,0,52007200
2007-08-21,47992800,0,52007200
2007-08-28,47992800,0,52007200
2007-09-04,47992800,0,52007200
2007-09-11,47992800,0,52007200
2007-09-18,47992800,0,52007200
2007-09-25,47992800,0,52007200
2007-10-02,47992800,0,52007200
2007-10-09,47992800,0,52007200
2007-10-16,47992800,0,52007200
2007-10-23,47992800,0,52007200
2007-10-30,47992800,0,52007200
2007-11-06,47992800,0,52007200
2007-11-13,47992800,0,52007200
2007-11-20,47992800,0,52007200
2007-11-27,47992800,0,52007200
2007-12-04,47992800,0,52007200
2007-12-11,47992800,0,52007200
2007-12-18,47992800,0,52007200
2007-12-25,47992800,0,52007200
2008-01-01,47992800,0,52007200
2008-01-08,47992800,0,52007200
2008-01-15,47992800,0,52007200
2008-01-22,47992800,0,52007200
2008-01-29,47992800,0,52007200
2008-02-05,47992800,0,52007200
2008-02-12,47992800,0,52007200
2008-02-19,47992800,0,52007200
2008-02-26,47992800,0,52007200
2008-03-04,47992800,0,52007200
2008-03-11,47992800,0,52007200
2008-03-18,47992800,0,52007200
2008-03-25,47992800,0,52007200
2008-04-01,47992800,0,52007200
2008-04-08,47992800,0,52007200
2008-04-15,47992800,0,52007200
2008-04-22,47992800,0,52007200
2008-04-29,47992800,0,52007200
2008-05-06,47992800,0,52007200
2008-05-13,47992800,0,52007200
2008-05-20,47992800,0,52007200
2008-05-27,47992800,0,52007200
2008-06-03,47992800,0,52007200
2008-06-10,47992800,0,52007200
2008-06-17,47992800,0,52007200
2008-06-24,47992800,0,52007200
2008-07-01,47992800,0,52007200
2008-07-08,47992800,0,52007200
2008-07-15,47992800,0,52007200
2008-07-22,47992800,0,52007200
2008-07-29,47992800,0,52007200
2008-08-05,47992800,0,52007200
2008-08-12,47992800,0,52007200
2008-08-19,47992800,0,52007200
2008-08-26,47992800,0,52007200
2008-09-02,47992800,0,52007200
2008-09-09,47992800,0,52007200
2008-09-16,47992800,0,52007200
2008-09-23,47992800,0,52007200
2008-09-30,47992800,0,52007200
2008-10-07,47992800,0,52007200
2008-10-14,47992800,0,52007200
2008-10-21,47992800,0,52007200
2008-10-28,47992800,0,52007200
2008-11-04,47992800,0,52007200
2008-11-11,47992800,0,52007200
2008-11-18,47992800,0,52007200
2008-11-25,47992800,0,52007200
2008-12-02,47992800,0,52007200
2008-12-09,47992800,0,52007200
2008-12-16,47992800,0,52007200
2008-12-23,47992800,0,52007200
2008-12-30,47992800,0,52007200
2009-01-06,47992800,0,52007200
2009-01-13,47992800,0,52007200
2009-01-20,47992800,0,52007200
2009-01-27,47992800,0,52007200
2009-02-03,47992800,0,52007200
2009-02-10,47992800,0,52007200
2009-02-17,47992800,0,52007200
2009-02-24,47992800,0,52007200
2009-03-03,47992800,0,52007200
2009-03-10,47992800,0,52007200
2009-03-17,47992800,0,52007200
2009-03-24,47992800,0,52007200
2009-03-31,47992800,0,52007200
2009-04-07,47992800,0,52007200
2009-04-14,47992800,0,52007200
2009-04-21,47992800,0,52007200
2009-04-28,47992800,0,52007200
2009-05-05,47992800,0,52007200
2009-05-12,47992800,0,52007200
2009-05-19,47992800,0,52007200
2009-05-26,47992800,0,52007200
2009-06-02,47992800,0,52007200
2009-06-09,47992800,0,52007200
2009-06-16,47992800,0,52007200
2009-06-23,47992800,0,52007200
2009-06-30,47992800,0,52007200
2009-07-07,47992800,0,52007200
2009-07-14,47992800,0,52007200
2009-07-21,47992800,0,52007200
2009-07-28,47992800,0,52007200
2009-08-04,47992800,0,52007200
2009-08-11,47992800,0,52007200
2009-08-18,47992800,0,52007200
2009-08-25,47992800,0,52007200
2009-09-01,47992800,0,52007200
2009-09-08,47992800,0,52007200
2009-09-15,47992800,0,52007200
2009-09-22,47992800,0,52007200
2009-09-29,47992800,0,52007200
2009-10-06,47992800,0,52007200
2009-10-13,47992800,0,52007200
2009-10-20,47992800,0,52007200
2009-10-27,47992800,0,52007200
2009-11-03,47992800,0,52007200
2009-11-10,47992800,0,52007200
2009-11-17,47992800,0,52007200
2009-11-24,47992800,0,52007200
2009-12-01,47992800,0,52007200
2009-12-08,47992800,0,52007200
2009-12-15,47992800,0,52007200
2009-12-22,47992800,0,52007200
2009-12-29,47992800,0,52007200
2010-01-05,47992800,0,52007200
2010-01-12,47992800,0,52007200
2010-01-19,47992800,0,52007200
2010-01-26,47992800,0,52007200
2010-02-02,47992800,0,52007200
2010-02-09,47992800,0,52007200
2010-02-16,47992800,0,52007200
2010-02-23,47992800,0,52007200
2010-03-02,47992800,0,52007200
2010-03-09,47992800,0,52007200
2010-03-16,47992800,0,52007200
2010-03-23,47992800,0,52007200
2010-03-30,47992800,0,52007200
2010-04-06,47992800,0,52007200
2010-04-13,47992800,0,52007200
2010-04-20,47992800,0,52007200
2010-04-27,47992800,0,52007200
2010-05-04,47992800,0,52007200
2010-05-11,47992800,0,52007200
2010-05-18,47992800,0,52007200
2010-05-25,47992800,0,52007200
2010-06-01,47992800,0,52007200
2010-06-08,47992800,0,52007200
2010-06-15,47992800,0,52007200
2010-06-22,47992800,0,52007200
2010-06-29,47992800,0,52007200
2010-07-06,47992800,0,52007200
2010-07-13,47992800,0,52007200
2010-07-20,47992800,0,52007200
2010-07-27,47992800,0,52007200
2010-08-03,47992800,0,52007200
2010-08-10,47992800,0,52007200
2010-08-17,47992800,0,52007200
2010-08-24,47992800,0,52007200
2010-08-31,47992800,0,52007200
2010-09-07,47992800,0,52007200
2010-09-14,47992800,0,52007200
2010-09-21,47992800,0,52007200
2010-09-28,47992800,0,52007200
2010-10-05,47992800,0,52007200
2010-10-12,47992800,0,52007200
2010-10-19,47992800,0,52007200
2010-10-26,47992800,0,52007200
2010-11-02,47992800,0,52007200
2010-11-09,47992800,0,52007200
2010-11-16,47992800,0,52007200
2010-11-23,47992800,0,52007200
2010-11-30,47992800,0,52007200
2010-12-07,47992800,0,52007200
2010-12-14,47992800,0,52007200
2010-12-21,47992800,0,52007200
2010-12-28,47992800,0,52007200
2011-01-04,47992800,0,52007200
2011-01-11,47992800,0,52007200
2011-01-18,47992800,0,52007200
2011-01-25,47992800,0,52007200
2011-02-01,47992800,0,52007200
2011-02-08,47992800,0,52007200
2011-02-15,47992800,0,52007200
2011-02-22,47992800,0,52007200
2011-03-01,47992800,0,52007200
2011-03-08,47992800,0,52007200
2011-03-15,47992800,0,52007200
2011-03-22,47992800,0,52007200
2011-03-29,47992800,0,52007200
2011-04-05,47992800,0,52007200
2011-04-12,47992800,0,52007200
2011-04-19,47992800,0,52007200
2011-04-26,47992800,0,52007200
2011-05-03,47992800,0,52007200
2011-05-10,47992800,0,52007200
2011-05-17,47992800,0,52007200
2011-05-24,47992800,0,52007200
2011-05-31,47992800,0,52007200
2011-06-07,47992800,0,52007200
2011-06-14,47992800,0,52007200
2011-06-21,47992800,0,52007200
2011-06-28,47992800,0,52007200
2011-07-05,47992800,0,52007200
2011-07-12,47992800,0,52007200
2011-07-19,47992800,0,52007200
2011-07-26,47992800,0,52007200
2011-08-02,47992800,0,52007200
2011-08-09,47992800,0,52007200
2011-08-16,47992800,0,52007200
2011-08-23,47992800,0,52007200
2011-08-30,47992800,0,52007200
2011-09-06,47992800,0,52007200
2011-09-13,47992800,0,52007200
2011-09-20,47992800,0,52007200
2011-09-27,47992800,0,52007200
2011-10-04,47992800,0,52007200
2011-10-11,47992800,0,52007200
2011-10-18,47992800,0,52007200
2011-10-25,47992800,0,52007200
2011-11-01,47992800,0,52007200
2011-11-08,47992800,0,52007200
2011-11-15,47992800,0,52007200
2011-11-22,47992800,0,52007200
2011-11-29,47992800,0,52007200
2011-12-06,47992800,0,52007200
2011-12-13,47992800,0,52007200
2011-12-20,47992800,0,52007200
2011-12-27,47992800,0,52007200
2012-01-03,47992800,0,52007200
2012-01-10,47992800,0,52007200
2012-01-17,47992800,0,52007200
2012-01-24,47992800,0,52007200
2012-01-31,47992800,0,52007200
2012-02-07,47992800,0,52007200
2012-02-14,47992800,0,52007200
2012-02-21,47992800,0,52007200
2012-02-28,47992800,0,52007200
2012-03-06,47992800,0,52007200
2012-03-13,47992800,0,52007200
2012-03-20,47992800,0,52007200
2012-03-27,47992800,0,52007200
2012-04-03,47992800,0,52007200
2012-04-10,47992800,0,52007200
2012-04-17,47992800,0,52007200
2012-04-24,47992800,0,52007200
2012-05-01,47992800,0,52007200
2012-05-08,47992800,0,52007200
2012-05-15,47992800,0,52007200
2012-05-22,47992800,0,52007200
2012-05-29,47992800,0,52007200
2012-06-05,47992800,0,52007200
2012-06-12,47992800,0,52007200
2012-06-19,47992800,0,52007200
2012-06-26,47992800,0,52007200
2012-07-03,47992800,0,52007200
2012-07-10,47992800,0,52007200
2012-07-17,47992800,0,52007200
2012-07-24,47992800,0,52007200
2012-07-31,47992800,0,52007200
2012-08-07,47992800,0,52007200
2012-08-14,47992800,0,52007200
2012-08-21,47992800,0,52007200
2012-08-28,47992800,0,52007200
2012-09-04,47992800,0,52007200
2012-09-11,47992800,0,52007200
2012-09-18,47992800,0,52007200
2012-09-25,47992800,0,52007200
2012-10-02,47992800,0,52007200
2012-10-09,47992800,0,52007200
2012-10-16,47992800,0,52007200
2012-10-23,47992800,0,52007200
2012-10-30,47992800,0,52007200
2012-11-06,47992800,0,52007200
2012-11-13,47992800,0,52007200
2012-11-20,47992800,0,52007200
2012-11-27,47992800,0,52007200
2012-12-04,47992800,0,52007200
2012-12-11,47992800,0,52007200
2012-12-18,47992800,0,52007200
2012-12-25,47992800,0,52007200
2013-01-01,47992800,0,52007200
2013-01-08,47992800,0,52007200
2013-01-15,47992800,0,52007200
2013-01-22,47992800,0,52007200
2013-01-29,47992800,0,52007200
2013-02-05,47992800,0,52007200
2013-02-12,47992800,0,52007200
2013-02-19,47992800,0,52007200
2013-02-26,47992800,0,52007200
2013-03-05,47992800,0,52007200
2013-03-12,47992800,0,52007200
2013-03-19,47992800,0,52007200
2013-03-26,47992800,0,52007200
2013-04-02,47992800,0,52007200
2013-04-09,47992800,0,52007200
2013-04-16,47992800,0,52007200
2013-04-23,47992800,0,52007200
2013-04-30,47992800,0,52007200
2013-05-07,47992800,0,52007200
2013-05-14,47992800,0,52007200
2013-05-21,47992800,0,52007200
2013-05-28,47992800,0,52007200
2013-06-04,47992800,0,52007200
2013-06-11,47992800,0,52007200
2013-06-18,47992800,0,52007200
2013-06-25,47992800,0,52007200
2013-07-02,47992800,0,52007200
2013-07-09,47992800,0,52007200
2013-07-16,47992800,0,52007200
2013-07-23,47992800,0,52007200
2013-07-30,47992800,0,52007200
2013-08-06,47992800,0,52007200
2013-08-13,47992800,0,52007200
2013-08-20,47992800,0,52007200
2013-08-27,47992800,0,52007200
2013-09-03,47992800,0,52007200
2013-09-10,47992800,0,52007200
2013-09-17,47992800,0,52007200
2013-09-24,47992800,0,52007200
2013-10-01,47992800,0,52007200
2013-10-08,47992800,0,52007200
2013-10-15,47992800,0,52007200
2013-10-22,47992800,0,52007200
2013-10-29,47992800,0,52007200
2013-11-05,47992800,0,52007200
2013-11-12,47992800,0,52007200
2013-11-19,47992800,0,52007200
2013-11-26,47992800,0,52007200
2013-12-03,47992800,0,52007200
2013-12-10,47992800,0,52007200
2013-12-17,47992800,0,52007200
2013-12-24,47992800,0,52007200
2013-12-31,47992800,0,52007200
2014-01-07,47992800,0,52007200
2014-01-14,47992800,0,52007200
2014-01-21,47992800,0,52007200
2014-01-28,47992800,0,52007200
2014-02-04,47992800,0,52007200
2014-02-11,47992800,0,52007200
2014-02-18,47992800,0,52007200
2014-02-25,47992800,0,52007200
2014-03-04,47992800,0,52007200
2014-03-11,47992800,0,52007200
2014-03-18,47992800,0,52007200
2014-03-25,47992800,0,52007200
2014-04-01,47992800,0,52007200
2014-04-08,47992800,0,52007200
2014-04-15,47992800,0,52007200
2014-04-22,47992800,0,52007200
2014-04-29,47992800,0,52007200
2014-05-06,47992800,0,52007200
2014-05-13,47992800,0,52007200
2014-05-20,47992800,0,52007200
2014-05-27,47992800,0,52007200
2014-06-03,47992800,0,52007200
2014-06-10,47992800,0,52007200
2014-06-17,47992800,0,52007200
2014-06-24,47992800,0,52007200
2014-07-01,47992800,0,52007200
2014-07-08,47992800,0,52007200
2014-07-15,47992800,0,52007200
2014-07-22,47992800,0,52007200
2014-07-29,47992800,0,52007200
2014-08-05,47992800,0,52007200
2014-08-12,47992800,0,52007200
2014-08-19,47992800,0,52007200
2014-08-26,47992800,0,52007200
2014-09-02,47992800,0,52007200
2014-09-09,47992800,0,52007200
2014-09-16,47992800,0,52007200
2014-09-23,47992800,0,52007200
2014-09-30,47992800,0,52007200
2014-10-07,47992800,0,52007200
2014-10-14,47992800,0,52007200
2014-10-21,47992800,0,52007200
2014-10-28,47992800,0,52007200
2014-11-04,47992800,0,52007200
2014-11-11,47992800,0,52007200
2014-11-18,47992800,0,52007200
2014-11-25,47992800,0,52007200
2014-12-02,47992800,0,52007200
2014-12-09,47992800,0,52007200
2014-12-16,47992800,0,52007200
2014-12-23,47992800,0,52007200
2014-12-30,47992800,0,52007200
2015-01-06,47992800,0,52007200
2015-01-13,47992800,0,52007200
2015-01-20,47992800,0,52007200
2015-01-27,47992800,0,52007200
2015-02-03,47992800,0,52007200
2015-02-10,47992800,0,52007200
2015-02-17,47992800,0,52007200
2015-02-24,47992800,0,52007200
2015-03-03,47992800,0,52007200
2015-03-10,47992800,0,52007200
2015-03-17,47992800,0,52007200
2015-03-24,47992800,0,52007200
2015-03-31,47992800,0,52007200
2015-04-07,47992800,0,52007200
2015-04-14,47992800,0,52007200
2015-04-21,47992800,0,52007200
2015-04-28,47992800,0,52007200
2015-05-05,47992800,0,52007200
2015-05-12,47992800,0,52007200
2015-05-19,47992800,0,52007200
2015-05-26,47992800,0,52007200
2015-06-02,47992800,0,52007200
2015-06-09,47992800,0,52007200
2015-06-16,47992800,0,52007200
2015-06-23,47992800,0,52007200
2015-06-30,47992800,0,52007200
2015-07-07,47992800,0,52007200
2015-07-14,47992800,0,52007200
2015-07-21,47992800,0,52007200
2015-07-28,47992800,0,52007200
2015-08-04,47992800,0,52007200
2015-08-11,47992800,0,52007200
2015-08-18,47992800,0,52007200
2015-08-25,47992800,0,52007200
2015-09-01,47992800,0,52007200
2015-09-08,47992800,0,52007200
2015-09-15,47992800,0,52007200
2015-09-22,47992800,0,52007200
2015-09-29,47992800,0,52007200
2015-10-06,47992800,0,52007200
2015-10-13,47992800,0,52007200
2015-10-20,47992800,0,52007200
2015-10-27,47992800,0,52007200
2015-11-03,47992800,0,52007200
2015-11-10,47992800,0,52007200
2015-11-17,47992800,0,52007200
2015-11-24,47992800,0,52007200
2015-12-01,47992800,0,52007200
2015-12-08,47992800,0,52007200
2015-12-15,47992800,0,52007200
2015-12-22,47992800,0,52007200
2015-12-29,47992800,0,52007200
2016-01-05,47992800,0,52007200
2016-01-12,47992800,0,52007200
2016-01-19,47992800,0,52007200
2016-01-26,47992800,0,52007200
2016-02-02,47992800,0,52007200
2016-02-09,47992800,0,52007200
2016-02-16,47992800,0,52007200
2016-02-23,47992800,0,52007200
2016-03-01,47992800,0,52007200
2016-03-08,47992800,0,52007200
2016-03-15,47992800,0,52007200
2016-03-22,47992800,0,52007200
2016-03-29,47992800,0,52007200
2016-04-05,47992800,0,52007200
2016-04-12,47992800,0,52007200
2016-04-19,47992800,0,52007200
2016-04-26,47992800,0,52007200
2016-05-03,47992800,0,52007200
2016-05-10,47992800,0,52007200
2016-05-17,47992800,0,52007200
2016-05-24,47992800,0,52007200
2016-05-31,47992800,0,52007200
2016-06-07,47992800,0,52007200
2016-06-14,47992800,0,52007200
2016-06-21,47992800,0,52007200
2016-06-28,47992800,0,52007200
2016-07-05,47992800,0,52007200
2016-07-12,47992800,0,52007200
2016-07-19,47992800,0,52007200
2016-07-26,47992800,0,52007200
2016-08-02,47992800,0,52007200
2016-08-09,47992800,0,52007200
2016-08-16,47992800,0,52007200
2016-08-23,47992800,0,52007200
2016-08-30,47992800,0,52007200
2016-09-06,47992800,0,52007200
2016-09-13,47992800,0,52007200
2016-09-20,47992800,0,52007200
2016-09-27,47992800,0,52007200
2016-10-04,47992800,0,52007200
2016-10-11,47992800,0,52007200
2016-10-18,47992800,0,52007200
2016-10-25,47992800,0,52007200
2016-11-01,47992800,0,52007200
2016-11-08,47992800,0,52007200
2016-11-15,47992800,0,52007200
2016-11-22,47992800,0,52007200
2016-11-29,47992800,0,52007200
2016-12-06,47992800,0,52007200
2016-12-13,47992800,0,52007200
2016-12-20,47992800,0,52007200
2016-12-27,47992800,0,52007200
2017-01-03,47992800,0,52007200
2017-01-10,47992800,0,52007200
2017-01-17,47992800,0,52007200
2017-01-24,47992800,0,52007200
2017-01-31,47992800,0,52007200
2017-02-07,47992800,0,52007200
2017-02-14,47992800,0,52007200
2017-02-21,47992800,0,52007200
2017-02-28,47992800,0,52007200
2017-03-07,47992800,0,52007200
2017-03-14,47992800,0,52007200
2017-03-21,47992800,0,52007200
2017-03-28,47992800,0,52007200
2017-04-04,47992800,0,52007200
2017-04-11,47992800,0,52007200
2017-04-18,47992800,0,52007200
2017-04-25,47992800,0,52007200
2017-05-02,47992800,0,52007200
2017-05-09,47992800,0,52007200
2017-05-16,47992800,0,52007200
2017-05-23,47992800,0,52007200
2017-05-30,47992800,0,52007200
2017-06-06,47992800,0,52007200
2017-06-13,47992800,0,52007200
2017-06-20,47992800,0,52007200
2017-06-27,47992800,0,52007200
2017-07-04,47992800,0,52007200
2017-07-11,47992800,0,52007200
2017-07-18,47992800,0,52007200
2017-07-25,47992800,0,52007200
2017-08-01,47992800,0,52007200
2017-08-08,47992800,0,52007200
2017-08-15,47992800,0,52007200
2017-08-22,47992800,0,52007200
2017-08-29,47992800,0,52007200
2017-09-05,47992800,0,52007200
2017-09-12,47992800,0,52007200
2017-09-19,47992800,0,52007200
2017-09-26,47992800,0,52007200
2017-10-03,47992800,0,52007200
2017-10-10,47992800,0,52007200
2017-10-17,47992800,0,52007200
2017-10-24,47992800,0,52007200
2017-10-31,47992800,0,52007200
2017-11-07,47992800,0,52007200
2017-11-14,47992800,0,52007200
2017-11-21,47992800,0,52007200
2017-11-28,47992800,0,52007200
2017-12-05,47992800,0,52007200
2017-12-12,47992800,0,52007200
2017-12-19,47992800,0,52007200
2017-12-26,47992800,0,52007200
2018-01-02,47992800,0,52007200
2018-01-09,47992800,0,52007200
2018-01-16,47992800,0,52007200
2018-01-23,47992800,0,52007200
2018-01-30,47992800,0,52007200
2018-02-06,47992800,0,52007200
2018-02-13,47992800,0,52007200
2018-02-20,47992800,0,52007200
2018-02-27,47992800,0,52007200
2018-03-06,47992800,0,52007200
2018-03-13,47992800,0,52007200
2018-03-20,47992800,0,52007200
2018-03-27,47992800,0,52007200
2018-04-03,47992800,0,52007200
2018-04-10,47992800,0,52007200
2018-04-17,47992800,0,52007200
2018-04-24,47992800,0,52007200
2018-05-01,47992800,0,52007200
2018-05-08,47992800,0,52007200
2018-05-15,47992800,0,52007200
2018-05-22,47992800,0,52007200
2018-05-29,47992800,0,52007200
2018-06-05,47992800,0,52007200
2018-06-12,47992800,0,52007200
2018-06-19,47992800,0,52007200
2018-06-26,47992800,0,52007200
2018-07-03,47992800,0,52007200
2018-07-10,47992800,0,52007200
2018-07-17,47992800,0,52007200
2018-07-24,47992800,0,52007200
2018-07-31,47992800,0,52007200
2018-08-07,47992800,0,52007200
2018-08-14,47992800,0,52007200
2018-08-21,47992800,0,52007200
2018-08-28,47992800,0,52007200
2018-09-04,47992800,0,52007200
2018-09-11,47992800,0,52007200
2018-09-18,47992800,0,52007200
2018-09-25,47992800,0,52007200
2018-10-02,47992800,0,52007200
2018-10-09,47992800,0,52007200
2018-10-16,47992800,0,52007200
2018-10-23,47992800,0,52007200
2018-10-30,47992800,0,52007200
2018-11-06,47992800,0,52007200
2018-11-13,47992800,0,52007200
2018-11-20,47992800,0,52007200
2018-11-27,47992800,0,52007200
2018-12-04,47992800,0,52007200
2018-12-11,47992800,0,52007200
2018-12-18,47992800,0,52007200
2018-12-25,47992800,0,52007200
2019-01-01,47992800,0,52007200
2019-01-08,47992800,0,52007200
2019-01-15,47992800,0,52007200
2019-01-22,47992800,0,52007200
2019-01-29,47992800,0,52007200
2019-02-05,47992800,0,52007200
2019-02-12,47992800,0,52007200
2019-02-19,47992800,0,52007200
2019-02-26,47992800,0,52007200
2019-03-05,47992800,0,52007200
2019-03-12,47992800,0,52007200
2019-03-19,47992800,0,52007200
2019-03-26,47992800,0,52007200
2019-04-02,47992800,0,52007200
2019-04-09,47992800,0,52007200
2019-04-16,47992800,0,52007200
2019-04-23,47992800,0,52007200
2019-04-30,47992800,0,52007200
2019-05-07,47992800,0,52007200
2019-05-14,47992800,0,52007200
2019-05-21,47992800,0,52007200
2019-05-28,47992800,0,52007200
2019-06-04,47992800,0,52007200
2019-06-11,47992800,0,52007200
2019-06-18,47992800,0,52007200
2019-06-25,47992800,0,52007200
2019-07-02,47992800,0,52007200
2019-07-09,47992800,0,52007200
2019-07-16,47992800,0,52007200
2019-07-23,47992800,0,52007200
2019-07-30,47992800,0,52007200
2019-08-06,47992800,0,52007200
2019-08-13,47992800,0,52007200
2019-08-20,47992800,0,52007200
2019-08-27,47992800,0,52007200
2019-09-03,47992800,0,52007200
2019-09-10,47992800,0,52007200
2019-09-17,47992800,0,52007200
2019-09-24,47992800,0,52007200
2019-10-01,47992800,0,52007200
2019-10-08,47992800,0,52007200
2019-10-15,47992800,0,52007200
2019-10-22,47992800,0,52007200
2019-10-29,47992800,0,52007200
2019-11-05,47992800,0,52007200
2019-11-12,47992800,0,52007200
2019-11-19,47992800,0,52007200
2019-11-26,47992800,0,52007200
2019-12-03,47992800,0,52007200
2019-12-10,47992800,0,52007200
2019-12-17,47992800,0,52007200
2019-12-24,47992800,0,52007200
2019-12-31,47992800,0,52007200
2020-01-07,47992800,0,52007200
2020-01-14,47992800,0,52007200
2020-01-21,47992800,0,52007200
2020-01-28,47992800,0,52007200
2020-02-04,47992800,0,52007200
2020-02-11,47992800,0,52007200
2020-02-18,47992800,0,52007200
2020-02-25,47992800,0,52007200
2020-03-03,47992800,0,52007200
2020-03-10,47992800,0,52007200
2020-03-17,47992800,0,52007200
2020-03-24,47992800,0,52007200
2020-03-31,47992800,0,52007200
2020-04-07,47992800,0,52007200
2020-04-14,47992800,0,52007200
2020-04-21,47992800,0,52007200
2020-04-28,47992800,0,52007200
2020-05-05,47992800,0,52007200
2020-05-12,47992800,0,52007200
2020-05-19,47992800,0,52007200
2020-05-26,47992800,0,52007200
2020-06-02,47992800,0,52007200
2020-06-09,47992800,0,52007200
2020-06-16,47992800,0,52007200
2020-06-23,47992800,0,52007200
2020-06-30,47992800,0,52007200
2020-07-07,47992800,0,52007200
2020-07-14,47992800,0,52007200
2020-07-21,47992800,0,52007200
2020-07-28,47992800,0,52007200
2020-08-04,47992800,0,52007200
2020-08-11,47992800,0,52007200
2020-08-18,47992800,0,52007200
2020-08-25,47992800,0,52007200
2020-09-01,47992800,0,52007200
2020-09-08,47992800,0,52007200
2020-09-15,47992800,0,52007200
2020-09-22,47992800,0,52007200
2020-09-29,47992800,0,52007200
2020-10-06,47992800,0,52007200
2020-10-13,47992800,0,52007200
2020-10-20,47992800,0,52007200
2020-10-27,47992800,0,52007200
2020-11-03,47992800,0,52007200
2020-11-10,47992800,0,52007200
2020-11-17,47992800,0,52007200
2020-11-24,47992800,0,52007200
2020-12-01,47992800,0,52007200
2020-12-08,47992800,0,52007200
2020-12-15,47992800,0,52007200
2020-12-22,47992800,0,52007200
2020-12-29,47992800,0,52007200
2021-01-05,47992800,0,52007200
2021-01-12,47992800,0,52007200
2021-01-19,47992800,0,52007200
2021-01-26,47992800,0,52007200
2021-02-02,47992800,0,52007200
2021-02-09,47992800,0,52007200
2021-02-16,47992800,0,52007200
2021-02-23,47992800,0,52007200
2021-03-02,47992800,0,52007200
2021-03-09,47992800,0,52007200
2021-03-16,47992800,0,52007200
2021-03-23,47992800,0,52007200
2021-03-30,47992800,0,52007200
2021-04-06,47992800,0,52007200
2021-04-13,47992800,0,52007200
2021-04-20,47992800,0,52007200
2021-04-27,47992800,0,52007200
2021-05-04,47992800,0,52007200
2021-05-11,47992800,0,52007200
2021-05-18,47992800,0,52007200
2021-05-25,47992800,0,52007200
2021-06-01,47992800,0,52007200
2021-06-08,47992800,0,52007200
2021-06-15,47992800,0,52007200
2021-06-22,47992800,0,52007200
2021-06-29,47992800,0,52007200
2021-07-06,47992800,0,52007200
2021-07-13,47992800,0,52007200
2021-07-20,47992800,0,52007200
2021-07-27,47992800,0,52007200
2021-08-03,47992800,0,52007200
2021-08-10,47992800,0,52007200
2021-08-17,47992800,0,52007200
2021-08-24,47992800,0,52007200
2021-08-31,47992800,0,52007200
2021-09-07,47992800,0,52007200
2021-09-14,47992800,0,52007200
2021-09-21,47992800,0,52007200
2021-09-28,47992800,0,52007200
2021-10-05,47992800,0,52007200
2021-10-12,47992800,0,52007200
2021-10-19,47992800,0,52007200
2021-10-26,47992800,0,52007200
2021-11-02,47992800,0,52007200
2021-11-09,47992800,0,52007200
2021-11-16,47992800,0,52007200
2021-11-23,47992800,0,52007200
2021-11-30,47992800,0,52007200
2021-12-07,47992800,0,52007200
2021-12-14,47992800,0,52007200
2021-12-21,47992800,0,52007200
2021-12-28,47992800,0,52007200
2022-01-04,47992800,0,52007200
2022-01-11,47992800,0,52007200
2022-01-18,47992800,0,52007200
2022-01-25,47992800,0,52007200
2022-02-01,47992800,0,52007200
2022-02-08,47992800,0,52007200
2022-02-15,47992800,0,52007200
2022-02-22,47992800,0,52007200
2022-03-01,47992800,0,52007200
2022-03-08,47992800,0,52007200
2022-03-15,47992800,0,52007200
2022-03-22,47992800,0,52007200
2022-03-29,47992800,0,52007200
2022-04-05,47992800,0,52007200
2022-04-12,47992800,0,52007200
2022-04-19,47992800,0,52007200
2022-04-26,47992800,0,52007200
2022-05-03,47992800,0,52007200
2022-05-10,47992800,0,52007200
2022-05-17,47992800,0,52007200
2022-05-24,47992800,0,52007200
2022-05-31,47992800,0,52007200
2022-06-07,47992800,0,52007200
2022-06-14,47992800,0,52007200
2022-06-21,47992800,0,52007200
2022-06-28,47992800,0,52007200
2022-07-05,47992800,0,52007200
2022-07-12,47992800,0,52007200
2022-07-19,47992800,0,52007200
2022-07-26,47992800,0,52007200
2022-08-02,47992800,0,52007200
2022-08-09,47992800,0,52007200
2022-08-16,47992800,0,52007200
2022-08-23,47992800,0,52007200
2022-08-30,47992800,0,52007200
2022-09-06,47992800,0,52007200
2022-09-13,47992800,0,52007200
2022-09-20,47992800,0,52007200
2022-09-27,47992800,0,52007200
2022-10-04,47992800,0,52007200
2022-10-11,47992800,0,52007200
2022-10-18,47992800,0,52007200
2022-10-25,47992800,0,52007200
2022-11-01,47992800,0,52007200
2022-11-08,47992800,0,52007200
2022-11-15,47992800,0,52007200
2022-11-22,47992800,0,52007200
2022-11-29,47992800,0,52007200
2022-12-06,47992800,0,52007200
2022-12-13,47992800,0,52007200
2022-12-20,47992800,0,52007200
2022-12-27,47992800,0,52007200
2023-01-03,47992800,0,52007200
2023-01-10,47992800,0,52007200
2023-01-17,47992800,0,52007200
2023-01-24,47992800,0,52007200
2023-01-31,47992800,0,52007200
2023-02-07,47992800,0,52007200
2023-02-14,47992800,0,52007200
2023-02-21,47992800,0,52007200
2023-02-28,47992800,0,52007200
2023-03-07,47992800,0,52007200
2023-03-14,47992800,0,52007200
2023-03-21,47992800,0,52007200
2023-03-28,47992800,0,52007200
2023-04-04,47992800,0,52007200
2023-04-11,47992800,0,52007200
2023-04-18,47992800,0,52007200
2023-04-25,47992800,0,52007200
2023-05-02,47992800,0,52007200
2023-05-09,47992800,0,52007200
2023-05-16,47992800,0,52007200
2023-05-23,47992800,0,52007200
2023-05-30,47992800,0,52007200
2023-06-06,47992800,0,52007200
2023-06-13,47992800,0,52007200
2023-06-20,47992800,0,52007200
2023-06-27,47992800,0,52007200
2023-07-04,47992800,0,52007200
2023-07-11,47992800,0,52007200
2023-07-18,47992800,0,52007200
2023-07-25,47992800,0,52007200
2023-08-01,47992800,0,52007200
2023-08-08,47992800,0,52007200
2023-08-15,47992800,0,52007200
2023-08-22,47992800,0,52007200
2023-08-29,47992800,0,52007200
2023-09-05,47992800,0,52007200
2023-09-12,47992800,0,52007200
2023-09-19,47992800,0,52007200
2023-09-26,47992800,0,52007200
2023-10-03,47992800,0,52007200
2023-10-10,47992800,0,52007200
2023-10-17,47992800,0,52007200
2023-10-24,47992800,0,52007200
2023-10-31,47992800,0,52007200
2023-11-07,47992800,0,52007200
2023-11-14,47992800,0,52007200
2023-11-21,47992800,0,52007200
2023-11-28,47992800,0,52007200
2023-12-05,47992800,0,52007200
2023-12-12,47992800,0,52007200
2023-12-19,47992800,0,52007200
2023-12-26,47992800,0,52007200
2024-01-02,47992800,0,52007200
2024-01-09,47992800,0,52007200
2024-01-16,47992800,0,52007200
2024-01-23,47992800,0,52007200
2024-01-30,47992800,0,52007200
2024-02-06,47992800,0,52007200
2024-02-13,47992800,0,52007200
2024-02-20,47992800,0,52007200
2024-02-27,47992800,0,52007200
2024-03-05,47992800,0,52007200
2024-03-12,47992800,0,52007200
2024-03-19,47992800,0,52007200
2024-03-26,47992800,0,52007200
2024-04-02,47992800,0,52007200
2024-04-09,47992800,0,52007200
2024-04-16,47992800,0,52007200
2024-04-23,47992800,0,52007200
2024-04-30,47992800,0,52007200
2024-05-07,47992800,0,52007200
2024-05-14,47992800,0,52007200
2024-05-21,47992800,0,52007200
2024-05-28,47992800,0,52007200
2024-06-04,47992800,0,52007200
2024-06-11,47992800,0,52007200
2024-06-18,47992800,0,52007200
2024-06-25,47992800,0,52007200
2024-07-02,47992800,0,52007200
2024-07-09,47992800,0,52007200
2024-07-16,47992800,0,52007200
2024-07-23,47992800,0,52007200
2024-07-30,47992800,0,52007200
2024-08-06,47992800,0,52007200
2024-08-13,47992800,0,52007200
2024-08-20,47992800,0,52007200
2024-08-27,47992800,0,52007200
2024-09-03,47992800,0,52007200
2024-09-10,47992800,0,52007200
2024-09-17,47992800,0,52007200
2024-09-24,47992800,0,52007200
2024-10-01,47992800,0,52007200
2024-10-08,47992800,0,52007200
2024-10-15,47992800,0,52007200
2024-10-22,47992800,0,52007200
2024-10-29,47992800,0,52007200
2024-11-05,47992800,0,52007200
2024-11-12,47992800,0,52007200
2024-11-19,47992800,0,52007200
2024-11-26,47992800,0,52007200
2024-12-03,47992800,0,52007200
2024-12-10,47992800,0,52007200
2024-12-17,47992800,0,52007200
2024-12-24,47992800,0,52007200
2024-12-31,47992800,0,52007200
